日期,代码,名称,收盘价,涨跌幅,趋势,热度,热度排名,大单净额,量比,换手率,成交额,总市值,诊股综合评分,技术面评分,资金面评分,技术形态,买入信号,同花顺行业,最相关概念,所属概念数量
2026-05-19,688182.SH,灿勤科技,43.84,20.01%,开,2910,348,0万元,2.91,50474.0,1165.52亿,175.36万,7.5,7.0,5.3,价升||阳线,行情收盘价上穿5日,未分类,未分类,10
2026-05-19,300212.SZ,*ST易录,8.26,14.40%,开,9380,597,0万元,9.38,51867.0,65.49亿,57.70万,6.9,6.7,5.0,价升||阳线,行情收盘价上穿5日,未分类,未分类,10
2026-05-19,002178.SZ,延华智能,6.14,10.04%,开,3430,462,0万元,3.43,14863.0,24.43亿,43.70万,6.5,6.5,4.7,价升||阳线,行情收盘价上穿5日,未分类,未分类,10
2026-05-19,605218.SH,伟时电子,21.29,10.03%,开,4690,298,0万元,4.69,20685.0,9.98亿,45.31万,6.5,6.5,4.7,价升||阳线,行情收盘价上穿5日,未分类,未分类,10
2026-05-19,600021.SH,上海电力,18.45,10.02%,开,2230,11,0万元,2.23,112788.0,63.02亿,520.52万,6.5,6.5,4.7,价升||阳线,行情收盘价上穿5日,未分类,未分类,10
2026-05-19,002135.SZ,东南网架,8.9,10.01%,开,2650,445,0万元,2.65,23836.0,27.68亿,92.90万,6.5,6.5,4.7,价升||阳线,行情收盘价上穿5日,未分类,未分类,10
2026-05-19,002173.SZ,创新医疗,25.39,10.01%,开,5850,461,0万元,5.85,61790.0,24.62亿,106.86万,6.5,6.5,4.7,价升||阳线,行情收盘价上穿5日,未分类,未分类,10
2026-05-19,002067.SZ,景兴纸业,5.28,10.00%,开,5700,419,0万元,5.7,40250.0,76.24亿,70.63万,6.5,6.5,4.7,价升,行情收盘价上穿5日,未分类,未分类,10
2026-05-19,603178.SH,圣龙股份,23.76,10.00%,开,9720,231,0万元,9.72,52885.0,22.98亿,56.17万,6.5,6.5,4.7,价升||阳线,行情收盘价上穿5日,未分类,未分类,10
2026-05-19,002272.SZ,川润股份,22.67,10.00%,开,16079,504,0万元,16.08,144598.0,65.62亿,92.52万,6.5,6.5,4.7,价升||阳线,行情收盘价上穿5日,未分类,未分类,10
2026-05-19,603082.SH,北自科技,51.18,9.99%,开,12100,194,0万元,12.1,25119.0,4.91亿,20.76万,6.5,6.5,4.7,价升,行情收盘价上穿5日,未分类,未分类,10
2026-05-19,002150.SZ,正泰电源,32.7,9.99%,开,4000,453,0万元,4.0,46050.0,14.36亿,117.24万,6.5,6.5,4.7,价升||阳线,行情收盘价上穿5日,未分类,未分类,10
2026-05-19,603206.SH,嘉环科技,21.03,9.99%,开,5050,243,0万元,5.05,31302.0,15.42亿,64.18万,6.5,6.5,4.7,价升||阳线,行情收盘价上穿5日,未分类,未分类,10
2026-05-19,688039.SH,当虹科技,51.13,9.93%,开,5110,313,0万元,5.11,28275.0,564.64亿,56.55万,6.5,6.5,4.7,价升||阳线,行情收盘价上穿5日,未分类,未分类,10
2026-05-19,300166.SZ,东方国信,21.35,9.49%,开,16329,583,0万元,16.33,307979.0,147.91亿,193.38万,6.4,6.5,4.6,价升||阳线,行情收盘价上穿5日,未分类,未分类,10
2026-05-19,300163.SZ,先锋新材,5.54,8.63%,开,14060,582,0万元,14.06,35331.0,64.20亿,25.30万,6.4,6.4,4.6,价升||阳线,行情收盘价上穿5日,未分类,未分类,10
2026-05-19,300152.SZ,*ST动力,1.65,7.84%,开,3680,578,0万元,3.68,4265.0,26.23亿,11.76万,6.3,6.4,4.5,价升||阳线,行情收盘价上穿5日,未分类,未分类,10
2026-05-19,600186.SH,莲花控股,11.3,7.52%,开,12320,76,0万元,12.32,241880.0,219.25亿,201.17万,6.3,6.4,4.5,价升||阳线,行情收盘价上穿5日,未分类,未分类,10
2026-05-19,688126.SH,沪硅产业,26.44,7.48%,开,3440,335,0万元,3.44,240474.0,9405.06亿,722.25万,6.2,6.4,4.5,价升||阳线,行情收盘价上穿5日,未分类,未分类,10
2026-05-19,000026.SZ,飞亚达,21.71,7.48%,开,3280,366,0万元,3.28,25069.0,11.96亿,79.15万,6.2,6.4,4.5,价升||阳线,行情收盘价上穿5日,未分类,未分类,10
2026-05-19,002208.SZ,合肥城建,24.37,6.70%,开,19510,476,0万元,19.51,383880.0,156.69亿,195.71万,6.2,6.3,4.4,价升||阳线,行情收盘价上穿5日,未分类,未分类,10
2026-05-19,002131.SZ,利欧股份,7.36,6.67%,开,13940,443,0万元,13.94,603628.0,816.14亿,430.91万,6.2,6.3,4.4,价升||阳线,行情收盘价上穿5日,未分类,未分类,10
2026-05-19,688190.SH,云路股份,98.0,6.06%,开,2080,353,0万元,2.08,24112.0,249.32亿,117.60万,6.1,6.3,4.4,价升||阳线,行情收盘价上穿5日,未分类,未分类,10
2026-05-19,002169.SZ,智光电气,15.94,6.05%,开,5170,459,0万元,5.17,62406.0,39.19亿,120.93万,6.1,6.3,4.4,价升||阳线,行情收盘价上穿5日,未分类,未分类,10
2026-05-19,603067.SH,振华股份,41.51,5.97%,开,4170,187,0万元,4.17,130459.0,31.48亿,313.62万,6.1,6.3,4.4,价升||阳线,行情收盘价上穿5日,未分类,未分类,10
2026-05-19,002196.SZ,方正电机,17.12,5.94%,开,17620,471,0万元,17.62,143376.0,86.07亿,83.62万,6.1,6.3,4.4,价升||阳线,行情收盘价上穿5日,未分类,未分类,10
2026-05-19,300100.SZ,双林股份,35.28,5.91%,开,3600,558,0万元,3.6,67792.0,19.85亿,194.45万,6.1,6.3,4.4,价升||阳线,行情收盘价上穿5日,未分类,未分类,10
2026-05-19,300010.SZ,ST豆神,2.91,5.82%,开,3410,518,0万元,3.41,16325.0,56.78亿,48.40万,6.1,6.3,4.4,价升||阳线,行情收盘价上穿5日,未分类,未分类,10
2026-05-19,002246.SZ,北化股份,23.73,5.61%,开,3460,492,0万元,3.46,44669.0,19.00亿,130.29万,6.1,6.3,4.4,价升||阳线,行情收盘价上穿5日,未分类,未分类,10
2026-05-19,603078.SH,江化微,34.06,5.45%,开,8230,191,0万元,8.23,106769.0,31.75亿,131.35万,6.0,6.3,4.4,价升||阳线,行情收盘价上穿5日,未分类,未分类,10
2026-05-19,300061.SZ,旗天科技,10.77,5.28%,开,4110,542,0万元,4.11,26989.0,25.55亿,67.01万,6.0,6.3,4.4,价升||阳线,行情收盘价上穿5日,未分类,未分类,10
2026-05-19,300242.SZ,佳云科技,5.39,5.27%,开,7400,607,0万元,7.4,25665.0,46.99亿,34.20万,6.0,6.3,4.4,价升||阳线,行情收盘价上穿5日,未分类,未分类,10
2026-05-19,300068.SZ,ST南都,5.11,5.14%,开,5210,545,0万元,5.21,22171.0,44.45亿,43.62万,6.0,6.3,4.3,价升||阳线,行情收盘价上穿5日,未分类,未分类,10
2026-05-19,688135.SH,利扬芯片,41.31,5.11%,开,5910,336,0万元,5.91,56299.0,1378.48亿,96.30万,6.0,6.3,4.3,价升||阳线,行情收盘价上穿5日,未分类,未分类,10
2026-05-19,002055.SZ,ST得润,6.41,5.08%,开,2110,412,0万元,2.11,7963.0,12.52亿,38.07万,6.0,6.3,4.3,价升||阳线,行情收盘价上穿5日,未分类,未分类,10
2026-05-19,603008.SH,ST喜临门,8.98,5.03%,开,680,159,0万元,0.68,2256.0,2.51亿,33.07万,6.0,6.3,4.3,价升,行情收盘价上穿5日,未分类,未分类,10
2026-05-19,600165.SH,ST宁科,3.14,5.02%,开,1040,68,0万元,1.04,2373.0,7.66亿,23.01万,6.0,6.3,4.3,价升||阳线,行情收盘价上穿5日,未分类,未分类,10
2026-05-19,002207.SZ,*ST准油,10.12,4.98%,开,12990,475,0万元,12.99,33239.0,33.87亿,26.39万,6.0,6.2,4.3,价升||阳线,行情收盘价上穿5日,未分类,未分类,10
2026-05-19,688036.SH,传音控股,65.51,4.90%,开,1520,311,0万元,1.52,113702.0,1755.51亿,754.14万,6.0,6.2,4.3,价升||阳线,行情收盘价上穿5日,未分类,未分类,10
2026-05-19,605288.SH,凯迪股份,90.65,4.86%,开,1820,302,0万元,1.82,11536.0,1.28亿,63.64万,6.0,6.2,4.3,价升||阳线,行情收盘价上穿5日,未分类,未分类,10
2026-05-19,300031.SZ,宝通科技,25.86,4.70%,开,5400,527,0万元,5.4,48497.0,19.02亿,91.00万,6.0,6.2,4.3,价升||阳线,行情收盘价上穿5日,未分类,未分类,10
2026-05-19,688099.SH,晶晨股份,114.22,4.69%,开,2620,329,0万元,2.62,124442.0,1105.52亿,481.06万,6.0,6.2,4.3,价升||阳线,行情收盘价上穿5日,未分类,未分类,10
2026-05-19,603116.SH,红蜻蜓,7.82,4.69%,开,2630,211,0万元,2.63,11747.0,15.17亿,45.06万,6.0,6.2,4.3,价升||阳线,行情收盘价上穿5日,未分类,未分类,10
2026-05-19,600239.SH,ST云城,1.57,4.67%,开,1330,91,0万元,1.33,3284.0,21.31亿,25.21万,6.0,6.2,4.3,价升||阳线,行情收盘价上穿5日,未分类,未分类,10
2026-05-19,601198.SH,东兴证券,13.39,4.61%,开,1470,146,0万元,1.47,64016.0,47.67亿,432.82万,6.0,6.2,4.3,价升||阳线,行情收盘价上穿5日,未分类,未分类,10
2026-05-19,300285.SZ,国瓷材料,40.67,4.55%,开,4960,627,0万元,4.96,174589.0,42.37亿,347.19万,6.0,6.2,4.3,价升||阳线,行情收盘价上穿5日,未分类,未分类,10
2026-05-19,603115.SH,海星股份,86.99,4.47%,开,2680,210,0万元,2.68,54986.0,6.48亿,210.42万,5.9,6.2,4.3,价升||阳线,行情收盘价上穿5日,未分类,未分类,10
2026-05-19,688160.SH,步科股份,134.47,4.45%,开,3760,342,0万元,3.76,45835.0,341.46亿,122.14万,5.9,6.2,4.3,价升||阳线,行情收盘价上穿5日,未分类,未分类,10
2026-05-19,002044.SZ,美年健康,6.38,4.25%,开,7340,409,0万元,7.34,184816.0,284.54亿,247.18万,5.9,6.2,4.3,价升||阳线,行情收盘价上穿5日,未分类,未分类,10
2026-05-19,688185.SH,康希诺,65.09,4.18%,开,2960,350,0万元,2.96,22549.0,339.05亿,74.45万,5.9,6.2,4.3,价升||阳线,行情收盘价上穿5日,未分类,未分类,10
2026-05-19,600136.SH,ST明诚,1.75,4.17%,开,870,58,0万元,0.87,2943.0,16.90亿,34.00万,5.9,6.2,4.3,价升||阳线,行情收盘价上穿5日,未分类,未分类,10
2026-05-19,300278.SZ,华昌达,5.28,4.14%,开,2480,624,0万元,2.48,18402.0,34.99亿,74.42万,5.9,6.2,4.3,价升||阳线,行情收盘价上穿5日,未分类,未分类,10
2026-05-19,600023.SH,浙能电力,6.4,4.07%,开,600,13,0万元,0.6,50943.0,80.87亿,858.16万,5.9,6.2,4.3,价升||阳线,行情收盘价上穿5日,未分类,未分类,10
2026-05-19,000006.SZ,深振业Ａ,11.12,4.02%,开,3810,359,0万元,3.81,56307.0,51.48亿,150.12万,5.9,6.2,4.3,价升||阳线,行情收盘价上穿5日,未分类,未分类,10
2026-05-19,300251.SZ,光线传媒,14.0,4.01%,开,1730,613,0万元,1.73,66937.0,47.94亿,388.55万,5.9,6.2,4.3,价升||阳线,行情收盘价上穿5日,未分类,未分类,10
2026-05-19,603198.SH,迎驾贡酒,36.69,4.00%,开,700,239,0万元,0.7,20632.0,5.61亿,293.52万,5.9,6.2,4.3,价升||阳线,行情收盘价上穿5日,未分类,未分类,10
2026-05-19,603226.SH,菲林格尔,48.3,3.98%,开,470,254,0万元,0.47,7982.0,1.69亿,171.70万,5.9,6.2,4.3,价升||阳线,行情收盘价上穿5日,未分类,未分类,10
2026-05-19,688066.SH,*ST航图,14.96,3.96%,开,2510,317,0万元,2.51,9703.0,655.59亿,39.09万,5.9,6.2,4.3,价升||阳线,行情收盘价上穿5日,未分类,未分类,10
2026-05-19,300007.SZ,汉威科技,50.42,3.96%,开,6720,517,0万元,6.72,94806.0,19.00亿,142.66万,5.9,6.2,4.3,价升||阳线,行情收盘价上穿5日,未分类,未分类,10
2026-05-19,600151.SH,航天机电,15.58,3.94%,开,3810,63,0万元,3.81,84585.0,54.58亿,223.46万,5.9,6.2,4.3,价升||阳线,行情收盘价上穿5日,未分类,未分类,10
2026-05-19,002195.SZ,岩山科技,8.72,3.93%,开,3330,470,0万元,3.33,164678.0,187.20亿,490.05万,5.9,6.2,4.3,价升||阳线,行情收盘价上穿5日,未分类,未分类,10
2026-05-19,603220.SH,中贝通信,33.27,3.87%,开,11050,251,0万元,11.05,160648.0,47.98亿,144.48万,5.9,6.2,4.3,价升||阳线,行情收盘价上穿5日,未分类,未分类,10
2026-05-19,603283.SH,赛腾股份,66.5,3.86%,开,5080,270,0万元,5.08,90988.0,13.79亿,180.33万,5.9,6.2,4.3,价升||阳线,行情收盘价上穿5日,未分类,未分类,10
2026-05-19,300058.SZ,蓝色光标,18.59,3.85%,开,9240,541,0万元,9.24,597778.0,321.51亿,646.55万,5.9,6.2,4.3,价升||阳线,行情收盘价上穿5日,未分类,未分类,10
2026-05-19,603040.SH,新坐标,86.95,3.76%,开,1530,176,0万元,1.53,18069.0,2.08亿,118.03万,5.9,6.2,4.3,价升||阳线,行情收盘价上穿5日,未分类,未分类,10
2026-05-19,688012.SH,中微公司,454.74,3.64%,开,1900,305,0万元,1.9,529704.0,1188.80亿,2850.85万,5.9,6.2,4.2,价升||阳线,行情收盘价上穿5日,未分类,未分类,10
2026-05-19,603007.SH,顺景科技,8.39,3.58%,开,12730,158,0万元,12.73,73449.0,88.47亿,58.32万,5.9,6.2,4.2,价升||阳线,行情收盘价上穿5日,未分类,未分类,10
2026-05-19,600149.SH,廊坊发展,6.71,3.55%,开,6290,62,0万元,6.29,15911.0,23.92亿,25.51万,5.9,6.2,4.2,价升||阳线,行情收盘价上穿5日,未分类,未分类,10
2026-05-19,688010.SH,福光股份,38.17,3.53%,开,3180,304,0万元,3.18,19519.0,511.12亿,61.29万,5.9,6.2,4.2,价升||阳线,行情收盘价上穿5日,未分类,未分类,10
2026-05-19,603171.SH,税友股份,58.92,3.48%,开,770,228,0万元,0.77,18473.0,3.14亿,239.15万,5.8,6.2,4.2,价升||阳线,行情收盘价上穿5日,未分类,未分类,10
2026-05-19,600025.SH,华能水电,9.85,3.36%,开,180,14,0万元,0.18,32970.0,33.82亿,1835.16万,5.8,6.2,4.2,价升||阳线,行情收盘价上穿5日,未分类,未分类,10
2026-05-19,000032.SZ,深桑达Ａ,19.53,3.33%,开,1950,371,0万元,1.95,41412.0,21.28亿,212.75万,5.8,6.2,4.2,价升||阳线,行情收盘价上穿5日,未分类,未分类,10
2026-05-19,603100.SH,川仪股份,21.46,3.32%,开,1260,201,0万元,1.26,13686.0,6.46亿,109.78万,5.8,6.2,4.2,价升||阳线,行情收盘价上穿5日,未分类,未分类,10
2026-05-19,300182.SZ,捷成股份,6.01,3.26%,开,3960,590,0万元,3.96,53765.0,89.55亿,135.79万,5.8,6.2,4.2,价升||阳线,行情收盘价上穿5日,未分类,未分类,10
2026-05-19,300049.SZ,福瑞医科,58.5,3.21%,开,2480,535,0万元,2.48,34167.0,5.79亿,136.68万,5.8,6.2,4.2,价升||阳线,行情收盘价上穿5日,未分类,未分类,10
2026-05-19,603117.SH,万林物流,5.15,3.21%,开,1560,212,0万元,1.56,4768.0,9.34亿,30.86万,5.8,6.2,4.2,价升||阳线,行情收盘价上穿5日,未分类,未分类,10
2026-05-19,605066.SH,天正电气,8.05,3.21%,开,2900,283,0万元,2.9,11667.0,14.59亿,40.45万,5.8,6.2,4.2,价升||阳线,行情收盘价上穿5日,未分类,未分类,10
2026-05-19,603057.SH,紫燕食品,27.44,3.16%,开,520,183,0万元,0.52,5933.0,2.15亿,113.05万,5.8,6.2,4.2,价升||阳线,行情收盘价上穿5日,未分类,未分类,10
2026-05-19,300245.SZ,ST天玑,7.22,3.14%,开,2510,609,0万元,2.51,5443.0,7.64亿,21.98万,5.8,6.2,4.2,价升||阳线,行情收盘价上穿5日,未分类,未分类,10
2026-05-19,300260.SZ,新莱应材,63.83,3.13%,开,4710,615,0万元,4.71,86089.0,13.56亿,183.60万,5.8,6.2,4.2,价升||阳线,行情收盘价上穿5日,未分类,未分类,10
2026-05-19,002244.SZ,滨江集团,10.36,3.08%,开,730,491,0万元,0.73,20579.0,20.06亿,285.68万,5.8,6.2,4.2,价升||阳线,行情收盘价上穿5日,未分类,未分类,10
2026-05-19,603050.SH,科林电气,24.54,3.02%,开,1540,179,0万元,1.54,15290.0,6.23亿,98.97万,5.8,6.2,4.2,价升||阳线,行情收盘价上穿5日,未分类,未分类,10
2026-05-19,002015.SZ,协鑫能科,22.11,2.98%,开,6260,391,0万元,6.26,224807.0,101.59亿,358.92万,5.8,6.1,4.2,价升||阳线,行情收盘价上穿5日,未分类,未分类,10
2026-05-19,688080.SH,映翰通,47.52,2.97%,开,3420,323,0万元,3.42,12057.0,251.97亿,35.00万,5.8,6.1,4.2,价升||阳线,行情收盘价上穿5日,未分类,未分类,10
2026-05-19,002164.SZ,宁波东力,14.57,2.97%,开,4810,457,0万元,4.81,33183.0,23.08亿,69.90万,5.8,6.1,4.2,价升||阳线,行情收盘价上穿5日,未分类,未分类,10
2026-05-19,603014.SH,威高血净,35.6,2.95%,开,830,160,0万元,0.83,2974.0,8400.00万,36.13万,5.8,6.1,4.2,价升||阳线,行情收盘价上穿5日,未分类,未分类,10
2026-05-19,002076.SZ,*ST星光,2.45,2.94%,开,1640,421,0万元,1.64,4178.0,17.13亿,25.54万,5.8,6.1,4.2,价升||阳线,行情收盘价上穿5日,未分类,未分类,10
2026-05-19,600187.SH,*ST国中,1.42,2.90%,开,1260,77,0万元,1.26,2858.0,20.30亿,22.92万,5.8,6.1,4.2,价升||阳线,行情收盘价上穿5日,未分类,未分类,10
2026-05-19,000031.SZ,大悦城,2.86,2.88%,开,480,370,0万元,0.48,5975.0,20.70亿,122.59万,5.8,6.1,4.2,价升||阳线,行情收盘价上穿5日,未分类,未分类,10
2026-05-19,601086.SH,国芳集团,9.0,2.86%,开,1280,125,0万元,1.28,7628.0,8.54亿,59.94万,5.8,6.1,4.2,价升||阳线,行情收盘价上穿5日,未分类,未分类,10
2026-05-19,300274.SZ,阳光电源,156.6,2.86%,开,3320,621,0万元,3.32,833816.0,52.78亿,2489.96万,5.8,6.1,4.2,价升||阳线,行情收盘价上穿5日,未分类,未分类,10
2026-05-19,300250.SZ,初灵信息,20.27,2.84%,开,3330,612,0万元,3.33,10695.0,5.24亿,31.91万,5.8,6.1,4.2,价升||阳线,行情收盘价上穿5日,未分类,未分类,10
2026-05-19,688072.SH,拓荆科技,540.0,2.82%,开,1250,319,0万元,1.25,187161.0,353.14亿,1526.54万,5.8,6.1,4.2,价升||阳线,行情收盘价上穿5日,未分类,未分类,10
2026-05-19,600236.SH,桂冠电力,11.08,2.78%,开,200,89,0万元,0.2,17459.0,15.93亿,873.37万,5.8,6.1,4.2,价升||阳线,行情收盘价上穿5日,未分类,未分类,10
2026-05-19,300231.SZ,银信科技,11.42,2.70%,开,2430,602,0万元,2.43,12314.0,10.81亿,50.74万,5.8,6.1,4.2,价升||阳线,行情收盘价上穿5日,未分类,未分类,10
2026-05-19,600116.SH,三峡水利,6.95,2.66%,开,1030,49,0万元,1.03,13492.0,19.62亿,132.89万,5.8,6.1,4.2,价升||阳线,行情收盘价上穿5日,未分类,未分类,10
2026-05-19,688030.SH,山石网科,17.57,2.63%,开,790,307,0万元,0.79,2493.0,142.13亿,31.67万,5.8,6.1,4.2,价升||阳线,行情收盘价上穿5日,未分类,未分类,10
2026-05-19,000016.SZ,*ST康佳A,3.13,2.62%,开,780,363,0万元,0.78,3905.0,12.50亿,49.97万,5.8,6.1,4.2,价升||阳线,行情收盘价上穿5日,未分类,未分类,10
2026-05-19,600131.SH,国网信通,18.43,2.62%,开,910,56,0万元,0.91,19926.0,10.83亿,220.41万,5.8,6.1,4.2,价升||阳线,行情收盘价上穿5日,未分类,未分类,10
2026-05-19,002238.SZ,天威视讯,7.53,2.59%,开,840,487,0万元,0.84,5078.0,6.77亿,60.43万,5.8,6.1,4.2,价升||阳线,行情收盘价上穿5日,未分类,未分类,10
2026-05-19,603270.SH,金帝股份,29.93,2.54%,开,5540,266,0万元,5.54,11795.0,3.92亿,21.17万,5.8,6.1,4.2,价升||阳线,行情收盘价上穿5日,未分类,未分类,10
2026-05-19,600255.SH,鑫科材料,3.66,2.52%,开,2510,96,0万元,2.51,16773.0,45.28亿,66.10万,5.8,6.1,4.2,价升||阳线,行情收盘价上穿5日,未分类,未分类,10
2026-05-19,601059.SH,信达证券,17.09,2.52%,开,480,122,0万元,0.48,26659.0,15.57亿,554.23万,5.8,6.1,4.2,价升||阴线,行情收盘价上穿5日,未分类,未分类,10
2026-05-19,002020.SZ,京新药业,14.28,2.51%,开,660,393,0万元,0.66,6773.0,4.76亿,103.38万,5.8,6.1,4.2,价升||阳线,行情收盘价上穿5日,未分类,未分类,10
2026-05-19,603103.SH,横店影视,20.53,2.45%,开,410,204,0万元,0.41,5328.0,2.61亿,130.20万,5.7,6.1,4.2,价升||阳线,行情收盘价上穿5日,未分类,未分类,10
2026-05-19,300210.SZ,森远股份,11.78,2.43%,开,7520,596,0万元,7.52,43931.0,36.42亿,57.04万,5.7,6.1,4.2,价升||阳线,行情收盘价上穿5日,未分类,未分类,10
2026-05-19,688147.SH,微导纳米,87.98,2.42%,开,820,338,0万元,0.82,32841.0,380.38亿,405.73万,5.7,6.1,4.2,价升||阳线,行情收盘价上穿5日,未分类,未分类,10
2026-05-19,688116.SH,天奈科技,43.79,2.41%,开,2140,332,0万元,2.14,34081.0,785.68亿,160.50万,5.7,6.1,4.2,价升||阳线,行情收盘价上穿5日,未分类,未分类,10
2026-05-19,300276.SZ,三丰智能,9.02,2.38%,开,9590,623,0万元,9.59,90900.0,101.33亿,95.35万,5.7,6.1,4.2,价升||阳线,行情收盘价上穿5日,未分类,未分类,10
2026-05-19,600167.SH,联美控股,6.93,2.36%,开,270,69,0万元,0.27,4261.0,6.16亿,156.81万,5.7,6.1,4.2,价升||阳线,行情收盘价上穿5日,未分类,未分类,10
2026-05-19,300078.SZ,思创智联,3.91,2.36%,开,1430,551,0万元,1.43,6262.0,15.89亿,43.53万,5.7,6.1,4.2,价升||阳线,行情收盘价上穿5日,未分类,未分类,10
2026-05-19,601021.SH,春秋航空,45.3,2.35%,开,240,117,0万元,0.24,10371.0,2.31亿,443.19万,5.7,6.1,4.2,价升||阳线,行情收盘价上穿5日,未分类,未分类,10
2026-05-19,603088.SH,宁波精达,12.22,2.35%,开,3400,195,0万元,3.4,18362.0,14.88亿,53.51万,5.7,6.1,4.2,价升||阳线,行情收盘价上穿5日,未分类,未分类,10
2026-05-19,600229.SH,城市传媒,6.16,2.33%,开,340,87,0万元,0.34,1384.0,2.26亿,40.70万,5.7,6.1,4.2,价升||阳线,行情收盘价上穿5日,未分类,未分类,10
2026-05-19,603001.SH,奥康国际,9.01,2.27%,开,2140,156,0万元,2.14,7893.0,8.56亿,36.13万,5.7,6.1,4.2,价升||阳线,行情收盘价上穿5日,未分类,未分类,10
2026-05-19,300168.SZ,万达信息,5.87,2.26%,开,830,584,0万元,0.83,7049.0,11.96亿,84.48万,5.7,6.1,4.2,价升||阳线,行情收盘价上穿5日,未分类,未分类,10
2026-05-19,300040.SZ,九洲集团,7.71,2.25%,开,5190,530,0万元,5.19,20427.0,26.85亿,39.89万,5.7,6.1,4.2,价升||阳线,行情收盘价上穿5日,未分类,未分类,10
2026-05-19,002292.SZ,奥飞娱乐,8.26,2.23%,开,2860,511,0万元,2.86,24069.0,29.12亿,84.08万,5.7,6.1,4.1,价升||阳线,行情收盘价上穿5日,未分类,未分类,10
2026-05-19,603168.SH,莎普爱思,6.52,2.19%,开,930,226,0万元,0.93,2252.0,3.46亿,24.29万,5.7,6.1,4.1,价升||阳线,行情收盘价上穿5日,未分类,未分类,10
2026-05-19,688085.SH,三友医疗,18.49,2.15%,开,570,326,0万元,0.57,3359.0,182.46亿,58.94万,5.7,6.1,4.1,价升||阳线,行情收盘价上穿5日,未分类,未分类,10
2026-05-19,300244.SZ,迪安诊断,19.06,2.14%,开,3690,608,0万元,3.69,35726.0,18.49亿,95.58万,5.7,6.1,4.1,价升||阳线,行情收盘价上穿5日,未分类,未分类,10
2026-05-19,002294.SZ,信立泰,35.5,2.13%,开,1400,513,0万元,1.4,55483.0,15.60亿,395.67万,5.7,6.1,4.1,价升||阳线,行情收盘价上穿5日,未分类,未分类,10
2026-05-19,688169.SH,石头科技,131.18,2.13%,开,2490,344,0万元,2.49,84581.0,645.86亿,339.90万,5.7,6.1,4.1,价升||阳线,行情收盘价上穿5日,未分类,未分类,10
2026-05-19,002193.SZ,ST如意,5.31,2.12%,开,1710,468,0万元,1.71,2378.0,4.48亿,13.90万,5.7,6.1,4.1,价升||阳线,行情收盘价上穿5日,未分类,未分类,10
2026-05-19,605168.SH,三人行,61.17,2.10%,开,3260,295,0万元,3.26,41672.0,6.87亿,128.96万,5.7,6.1,4.1,价升||阳线,行情收盘价上穿5日,未分类,未分类,10
2026-05-19,300024.SZ,机器人,16.53,2.10%,开,2880,523,0万元,2.88,74650.0,45.12亿,258.73万,5.7,6.1,4.1,价升||阳线,行情收盘价上穿5日,未分类,未分类,10
2026-05-19,603297.SH,永新光学,143.85,2.09%,开,1060,274,0万元,1.06,16903.0,1.17亿,159.28万,5.7,6.1,4.1,价升||阳线,行情收盘价上穿5日,未分类,未分类,10
2026-05-19,600053.SH,*ST九鼎,9.8,2.08%,开,590,25,0万元,0.59,2510.0,2.58亿,42.49万,5.7,6.1,4.1,价升||阳线,行情收盘价上穿5日,未分类,未分类,10
2026-05-19,002212.SZ,天融信,7.45,2.05%,开,1290,479,0万元,1.29,11184.0,15.02亿,86.93万,5.7,6.1,4.1,价升||阳线,行情收盘价上穿5日,未分类,未分类,10
2026-05-19,300076.SZ,*ST宁视,5.01,2.04%,开,1020,550,0万元,1.02,2161.0,4.31亿,21.24万,5.7,6.1,4.1,价升||阳线,行情收盘价上穿5日,未分类,未分类,10
2026-05-19,600050.SH,中国联通,5.02,2.03%,开,1360,24,0万元,1.36,210519.0,422.13亿,1555.72万,5.7,6.1,4.1,价升||阳线,行情收盘价上穿5日,未分类,未分类,10
2026-05-19,688188.SH,柏楚电子,172.72,2.03%,开,820,351,0万元,0.82,41631.0,237.28亿,500.34万,5.7,6.1,4.1,价升||阳线,行情收盘价上穿5日,未分类,未分类,10
2026-05-19,688023.SH,安恒信息,45.4,2.02%,开,990,306,0万元,0.99,4593.0,101.20亿,46.21万,5.7,6.1,4.1,价升||阳线,行情收盘价上穿5日,未分类,未分类,10
2026-05-19,002063.SZ,远光软件,6.57,2.02%,开,1520,417,0万元,1.52,17622.0,26.86亿,116.21万,5.7,6.1,4.1,价升||阳线,行情收盘价上穿5日,未分类,未分类,10
2026-05-19,002249.SZ,大洋电机,10.17,2.01%,开,2970,494,0万元,2.97,55787.0,55.36亿,189.36万,5.7,6.1,4.1,价升||阳线,行情收盘价上穿5日,未分类,未分类,10
2026-05-19,600011.SH,华能国际,7.65,2.00%,开,700,5,0万元,0.7,58640.0,76.98亿,841.32万,5.7,6.1,4.1,价升||阳线,行情收盘价上穿5日,未分类,未分类,10
2026-05-19,300103.SZ,达刚控股,9.72,1.99%,开,2490,560,0万元,2.49,7682.0,7.92亿,30.85万,5.7,6.1,4.1,价升,行情收盘价上穿5日,未分类,未分类,10
2026-05-19,688156.SH,路德科技,27.15,1.99%,开,1760,340,0万元,1.76,4822.0,176.92亿,27.34万,5.7,6.1,4.1,价升||阳线,行情收盘价上穿5日,未分类,未分类,10
2026-05-19,603051.SH,鹿山新材,24.62,1.99%,开,2110,180,0万元,2.11,8409.0,3.41亿,39.79万,5.7,6.1,4.1,价升||阳线,行情收盘价上穿5日,未分类,未分类,10
2026-05-19,600101.SH,明星电力,10.26,1.99%,开,2760,44,0万元,2.76,15390.0,15.14亿,56.21万,5.7,6.1,4.1,价升||阳线,行情收盘价上穿5日,未分类,未分类,10
2026-05-19,300106.SZ,西部牧业,14.37,1.99%,开,2820,562,0万元,2.82,8526.0,5.95亿,30.37万,5.7,6.1,4.1,价升||阳线,行情收盘价上穿5日,未分类,未分类,10
2026-05-19,601156.SH,东航物流,15.6,1.96%,开,520,137,0万元,0.52,7702.0,4.91亿,147.36万,5.7,6.1,4.1,价升||阳线,行情收盘价上穿5日,未分类,未分类,10
2026-05-19,603237.SH,五芳斋,16.21,1.95%,开,890,258,0万元,0.89,2741.0,1.69亿,30.77万,5.7,6.1,4.1,价升||阳线,行情收盘价上穿5日,未分类,未分类,10
2026-05-19,300052.SZ,中青宝,15.82,1.93%,开,11720,538,0万元,11.72,48739.0,30.70亿,41.42万,5.7,6.1,4.1,价升||阳线,行情收盘价上穿5日,未分类,未分类,10
2026-05-19,603120.SH,肯特催化,54.3,1.91%,开,4590,213,0万元,4.59,9242.0,1.74亿,20.58万,5.7,6.1,4.1,价升||阳线,行情收盘价上穿5日,未分类,未分类,10
2026-05-19,600029.SH,南方航空,5.33,1.91%,开,330,17,0万元,0.33,23656.0,44.61亿,718.32万,5.7,6.1,4.1,价升||阳线,行情收盘价上穿5日,未分类,未分类,10
2026-05-19,002142.SZ,宁波银行,31.67,1.90%,开,130,450,0万元,0.13,27235.0,8.63亿,2090.04万,5.7,6.1,4.1,价升||阳线,行情收盘价上穿5日,未分类,未分类,10
2026-05-19,300125.SZ,*ST聆达,10.23,1.89%,开,790,567,0万元,0.79,2910.0,2.83亿,36.91万,5.7,6.1,4.1,价升||阳线,行情收盘价上穿5日,未分类,未分类,10
2026-05-19,300003.SZ,乐普医疗,13.5,1.89%,开,1020,516,0万元,1.02,21884.0,16.06亿,213.15万,5.7,6.1,4.1,价升||阳线,行情收盘价上穿5日,未分类,未分类,10
2026-05-19,600285.SH,羚锐制药,22.18,1.88%,开,640,108,0万元,0.64,8025.0,3.64亿,125.51万,5.7,6.1,4.1,价升||阳线,行情收盘价上穿5日,未分类,未分类,10
2026-05-19,002039.SZ,黔源电力,20.66,1.87%,开,1550,405,0万元,1.55,13586.0,6.64亿,88.33万,5.7,6.1,4.1,价升||阳线,行情收盘价上穿5日,未分类,未分类,10
2026-05-19,300107.SZ,建新股份,7.65,1.86%,开,3010,563,0万元,3.01,7985.0,10.46亿,26.57万,5.7,6.1,4.1,价升||阳线,行情收盘价上穿5日,未分类,未分类,10
2026-05-19,601006.SH,大秦铁路,5.53,1.84%,开,480,110,0万元,0.48,52885.0,96.00亿,1114.14万,5.7,6.1,4.1,价升||阳线,行情收盘价上穿5日,未分类,未分类,10
2026-05-19,002081.SZ,金 螳 螂,7.2,1.84%,开,10410,423,0万元,10.41,190315.0,275.39亿,190.39万,5.7,6.1,4.1,价升||阳线,行情收盘价上穿5日,未分类,未分类,10
2026-05-19,603049.SH,中策橡胶,47.69,1.84%,开,1170,178,0万元,1.17,4845.0,1.02亿,41.70万,5.7,6.1,4.1,价升||阳线,行情收盘价上穿5日,未分类,未分类,10
2026-05-19,300143.SZ,盈康生命,11.19,1.82%,开,1050,572,0万元,1.05,7654.0,6.76亿,71.76万,5.7,6.1,4.1,价升||阳线,行情收盘价上穿5日,未分类,未分类,10
2026-05-19,600238.SH,*ST椰岛,5.06,1.81%,开,410,90,0万元,0.41,933.0,1.85亿,22.53万,5.7,6.1,4.1,价升||阳线,行情收盘价上穿5日,未分类,未分类,10
2026-05-19,688189.SH,南新制药,10.14,1.81%,开,3480,352,0万元,3.48,9587.0,955.03亿,27.82万,5.7,6.1,4.1,价升||阴线,行情收盘价上穿5日,未分类,未分类,10
2026-05-19,603199.SH,九华旅游,36.09,1.78%,开,1030,240,0万元,1.03,4071.0,1.14亿,39.94万,5.7,6.1,4.1,价升||阳线,行情收盘价上穿5日,未分类,未分类,10
2026-05-19,688193.SH,仁度生物,55.94,1.76%,开,1820,355,0万元,1.82,4181.0,72.98亿,22.42万,5.7,6.1,4.1,价升||阳线,行情收盘价上穿5日,未分类,未分类,10
2026-05-19,603038.SH,华立股份,16.79,1.76%,开,730,174,0万元,0.73,3240.0,1.95亿,45.11万,5.7,6.1,4.1,价升||阳线,行情收盘价上穿5日,未分类,未分类,10
2026-05-19,603030.SH,全筑股份,2.93,1.74%,开,1720,170,0万元,1.72,6619.0,22.60亿,38.59万,5.7,6.1,4.1,价升||阳线,行情收盘价上穿5日,未分类,未分类,10
2026-05-19,300084.SZ,海默科技,12.93,1.73%,开,2060,554,0万元,2.06,9401.0,7.33亿,46.12万,5.7,6.1,4.1,价升||阳线,行情收盘价上穿5日,未分类,未分类,10
2026-05-19,000156.SZ,华数传媒,7.66,1.73%,开,590,382,0万元,0.59,7686.0,10.07亿,130.21万,5.7,6.1,4.1,价升||阳线,行情收盘价上穿5日,未分类,未分类,10
2026-05-19,600115.SH,中国东航,4.13,1.72%,开,510,48,0万元,0.51,35599.0,86.50亿,703.13万,5.7,6.1,4.1,价升||阳线,行情收盘价上穿5日,未分类,未分类,10
2026-05-19,300170.SZ,汉得信息,22.08,1.70%,开,3720,585,0万元,3.72,80768.0,36.29亿,215.68万,5.7,6.1,4.1,价升||阳线,行情收盘价上穿5日,未分类,未分类,10
2026-05-19,000025.SZ,特  力Ａ,15.55,1.70%,开,410,365,0万元,0.41,2468.0,1.59亿,61.08万,5.7,6.1,4.1,价升||阳线,行情收盘价上穿5日,未分类,未分类,10
2026-05-19,300036.SZ,超图软件,15.0,1.69%,开,1110,528,0万元,1.11,7354.0,4.89亿,65.77万,5.7,6.1,4.1,价升||阳线,行情收盘价上穿5日,未分类,未分类,10
2026-05-19,300130.SZ,新国都,22.22,1.69%,开,870,568,0万元,0.87,8361.0,3.76亿,96.47万,5.7,6.1,4.1,价升||阳线,行情收盘价上穿5日,未分类,未分类,10
2026-05-19,002029.SZ,七 匹 狼,10.27,1.68%,开,1090,397,0万元,1.09,7375.0,7.23亿,68.34万,5.7,6.1,4.1,价升||阳线,行情收盘价上穿5日,未分类,未分类,10
2026-05-19,603256.SH,宏和科技,133.69,1.68%,开,970,261,0万元,0.97,112714.0,8.54亿,1176.11万,5.7,6.1,4.1,价升||阳线,行情收盘价上穿5日,未分类,未分类,10
2026-05-19,600027.SH,华电国际,5.47,1.67%,开,760,16,0万元,0.76,38366.0,70.22亿,504.10万,5.7,6.1,4.1,价升||阳线,行情收盘价上穿5日,未分类,未分类,10
2026-05-19,601111.SH,中国国航,6.7,1.67%,开,310,132,0万元,0.31,24352.0,36.44亿,779.75万,5.7,6.1,4.1,价升||阳线,行情收盘价上穿5日,未分类,未分类,10
2026-05-19,600048.SH,保利发展,6.15,1.65%,开,380,23,0万元,0.38,27727.0,45.11亿,736.18万,5.7,6.1,4.1,价升||阳线,行情收盘价上穿5日,未分类,未分类,10
2026-05-19,002042.SZ,华孚时尚,4.95,1.64%,开,1940,407,0万元,1.94,16258.0,33.01亿,84.18万,5.7,6.1,4.1,价升||阳线,行情收盘价上穿5日,未分类,未分类,10
2026-05-19,002024.SZ,ST易购,1.24,1.64%,开,220,395,0万元,0.22,2544.0,20.38亿,114.74万,5.7,6.1,4.1,价升||阳线,行情收盘价上穿5日,未分类,未分类,10
2026-05-19,688095.SH,福昕软件,81.3,1.64%,开,1340,328,0万元,1.34,10001.0,122.46亿,74.28万,5.7,6.1,4.1,价升||阳线,行情收盘价上穿5日,未分类,未分类,10
2026-05-19,002102.SZ,ST能特,2.49,1.63%,开,510,432,0万元,0.51,2766.0,11.09亿,54.10万,5.7,6.1,4.1,价升||阳线,行情收盘价上穿5日,未分类,未分类,10
2026-05-19,603155.SH,新亚强,19.99,1.63%,开,1060,222,0万元,1.06,6679.0,3.34亿,63.13万,5.7,6.1,4.1,价升||阳线,行情收盘价上穿5日,未分类,未分类,10
2026-05-19,600008.SH,首创环保,3.13,1.62%,开,680,3,0万元,0.68,15441.0,49.66亿,229.76万,5.7,6.1,4.1,价升||阳线,行情收盘价上穿5日,未分类,未分类,10
2026-05-19,300229.SZ,拓尔思,19.41,1.62%,开,2060,601,0万元,2.06,34980.0,17.96亿,169.46万,5.7,6.1,4.1,价升||阳线,行情收盘价上穿5日,未分类,未分类,10
2026-05-19,603138.SH,海量数据,19.44,1.62%,开,2140,220,0万元,2.14,12058.0,6.18亿,56.05万,5.7,6.1,4.1,价升||阳线,行情收盘价上穿5日,未分类,未分类,10
2026-05-19,300246.SZ,宝莱特,19.5,1.62%,开,1600,610,0万元,1.6,6573.0,3.38亿,41.21万,5.7,6.1,4.1,价升||阳线,行情收盘价上穿5日,未分类,未分类,10
2026-05-19,600143.SH,金发科技,17.71,1.61%,开,2020,60,0万元,2.02,95611.0,53.31亿,466.63万,5.7,6.1,4.1,价升||阴线,行情收盘价上穿5日,未分类,未分类,10
2026-05-19,600018.SH,上港集团,5.14,1.58%,开,110,9,0万元,0.11,13670.0,26.70亿,1194.88万,5.7,6.1,4.1,价升||阳线,行情收盘价上穿5日,未分类,未分类,10
2026-05-19,000029.SZ,深深房Ａ,30.29,1.58%,开,790,369,0万元,0.79,21347.0,7.02亿,270.08万,5.7,6.1,4.1,价升||阳线,行情收盘价上穿5日,未分类,未分类,10
2026-05-19,002127.SZ,南极电商,3.23,1.57%,开,1170,441,0万元,1.17,7528.0,23.34亿,64.43万,5.7,6.1,4.1,价升||阳线,行情收盘价上穿5日,未分类,未分类,10
2026-05-19,300253.SZ,卫宁健康,9.07,1.57%,开,2040,614,0万元,2.04,33714.0,36.90亿,164.21万,5.7,6.1,4.1,价升||阳线,行情收盘价上穿5日,未分类,未分类,10
2026-05-19,002243.SZ,力合科创,9.1,1.56%,开,840,490,0万元,0.84,9187.0,10.11亿,109.58万,5.7,6.1,4.1,价升||阳线,行情收盘价上穿5日,未分类,未分类,10
2026-05-19,603000.SH,人民网,19.2,1.53%,开,930,155,0万元,0.93,19754.0,10.30亿,212.29万,5.7,6.1,4.1,价升||阳线,行情收盘价上穿5日,未分类,未分类,10
2026-05-19,600020.SH,中原高速,3.98,1.53%,开,240,10,0万元,0.24,2147.0,5.41亿,89.45万,5.7,6.1,4.1,价升||阳线,行情收盘价上穿5日,未分类,未分类,10
2026-05-19,300240.SZ,飞力达,6.72,1.51%,开,900,606,0万元,0.9,2190.0,3.26亿,24.42万,5.7,6.1,4.1,价升||阳线,行情收盘价上穿5日,未分类,未分类,10
2026-05-19,002078.SZ,太阳纸业,13.46,1.51%,开,290,422,0万元,0.29,10758.0,7.99亿,373.83万,5.7,6.1,4.1,价升||阳线,行情收盘价上穿5日,未分类,未分类,10
2026-05-19,603015.SH,弘讯科技,12.8,1.51%,开,1300,161,0万元,1.3,6737.0,5.27亿,51.74万,5.7,6.1,4.1,价升||阳线,行情收盘价上穿5日,未分类,未分类,10
2026-05-19,300148.SZ,天舟文化,4.05,1.50%,开,1350,575,0万元,1.35,4457.0,11.00亿,32.97万,5.7,6.1,4.1,价升||阳线,行情收盘价上穿5日,未分类,未分类,10
2026-05-19,605199.SH,ST葫芦娃,6.8,1.49%,开,800,297,0万元,0.8,2182.0,3.21亿,27.21万,5.6,6.1,4.1,价升||阳线,行情收盘价上穿5日,未分类,未分类,10
2026-05-19,600261.SH,阳光照明,3.41,1.49%,开,640,98,0万元,0.64,2949.0,8.59亿,45.53万,5.6,6.1,4.1,价升||阳线,行情收盘价上穿5日,未分类,未分类,10
2026-05-19,688108.SH,赛诺医疗,20.59,1.48%,开,1700,330,0万元,1.7,14857.0,711.90亿,86.06万,5.6,6.1,4.1,价升||阳线,行情收盘价上穿5日,未分类,未分类,10
2026-05-19,600012.SH,皖通高速,15.87,1.47%,开,100,6,0万元,0.1,1789.0,1.13亿,184.98万,5.6,6.1,4.1,价升||阳线,行情收盘价上穿5日,未分类,未分类,10
2026-05-19,002031.SZ,巨轮智能,8.3,1.47%,开,15210,399,0万元,15.21,237787.0,291.12亿,158.83万,5.6,6.1,4.1,价升||阳线,行情收盘价上穿5日,未分类,未分类,10
2026-05-19,603231.SH,索宝蛋白,17.41,1.46%,开,1020,256,0万元,1.02,1880.0,1.08亿,18.50万,5.6,6.1,4.1,价升||阳线,行情收盘价上穿5日,未分类,未分类,10
2026-05-19,300071.SZ,福石控股,4.9,1.45%,开,2550,547,0万元,2.55,11908.0,24.13亿,46.32万,5.6,6.1,4.1,价升||阳线,行情收盘价上穿5日,未分类,未分类,10
2026-05-19,603102.SH,百合股份,40.0,1.45%,开,320,203,0万元,0.32,831.0,2074.00万,25.60万,5.6,6.1,4.1,价升||阳线,行情收盘价上穿5日,未分类,未分类,10
2026-05-19,600054.SH,黄山旅游,11.26,1.44%,开,630,26,0万元,0.63,3609.0,3.22亿,57.80万,5.6,6.1,4.1,价升||阳线,行情收盘价上穿5日,未分类,未分类,10
2026-05-19,600279.SH,重庆港,4.93,1.44%,开,270,105,0万元,0.27,1569.0,3.18亿,58.51万,5.6,6.1,4.1,价升||阳线,行情收盘价上穿5日,未分类,未分类,10
2026-05-19,603159.SH,上海亚虹,26.06,1.44%,开,700,223,0万元,0.7,2539.0,9759.00万,36.48万,5.6,6.1,4.1,价升||阳线,行情收盘价上穿5日,未分类,未分类,10
2026-05-19,600216.SH,浙江医药,14.09,1.44%,开,840,84,0万元,0.84,11326.0,8.01亿,134.05万,5.6,6.1,4.1,价升||阳线,行情收盘价上穿5日,未分类,未分类,10
2026-05-19,605100.SH,华丰股份,53.94,1.43%,开,840,287,0万元,0.84,7618.0,1.42亿,91.66万,5.6,6.1,4.1,价升||阳线,行情收盘价上穿5日,未分类,未分类,10
2026-05-19,688076.SH,ST诺泰,31.42,1.42%,开,260,320,0万元,0.26,2604.0,82.77亿,99.30万,5.6,6.1,4.1,价升||阳线,行情收盘价上穿5日,未分类,未分类,10
2026-05-19,601107.SH,四川成渝,6.45,1.42%,开,180,130,0万元,0.18,2539.0,3.94亿,139.50万,5.6,6.1,4.1,价升||阳线,行情收盘价上穿5日,未分类,未分类,10
2026-05-19,300081.SZ,ST恒信,4.3,1.42%,开,1570,553,0万元,1.57,4101.0,9.49亿,26.00万,5.6,6.1,4.1,价升||阳线,行情收盘价上穿5日,未分类,未分类,10
2026-05-19,300141.SZ,和顺电气,13.06,1.40%,开,1680,571,0万元,1.68,5630.0,4.27亿,33.25万,5.6,6.1,4.1,价升||阳线,行情收盘价上穿5日,未分类,未分类,10
2026-05-19,002282.SZ,博深股份,6.55,1.39%,开,380,508,0万元,0.38,1245.0,1.90亿,33.08万,5.6,6.1,4.1,价升||阳线,行情收盘价上穿5日,未分类,未分类,10
2026-05-19,002053.SZ,云南能投,12.4,1.39%,开,560,411,0万元,0.56,6355.0,5.14亿,114.17万,5.6,6.1,4.1,价升||阳线,行情收盘价上穿5日,未分类,未分类,10
2026-05-19,300063.SZ,天龙集团,12.45,1.38%,开,6410,543,0万元,6.41,50353.0,40.16亿,78.00万,5.6,6.1,4.1,价升||阳线,行情收盘价上穿5日,未分类,未分类,10
2026-05-19,603258.SH,电魂网络,16.13,1.38%,开,490,262,0万元,0.49,1892.0,1.17亿,38.93万,5.6,6.1,4.1,价升||阳线,行情收盘价上穿5日,未分类,未分类,10
2026-05-19,600039.SH,四川路桥,8.07,1.38%,开,250,22,0万元,0.25,17608.0,21.82亿,701.73万,5.6,6.1,4.1,价升||阳线,行情收盘价上穿5日,未分类,未分类,10
2026-05-19,300238.SZ,冠昊生物,13.28,1.37%,开,930,604,0万元,0.93,3315.0,2.47亿,35.21万,5.6,6.1,4.1,价升||阳线,行情收盘价上穿5日,未分类,未分类,10
2026-05-19,300281.SZ,金明精机,8.15,1.37%,开,4520,625,0万元,4.52,14598.0,17.94亿,32.38万,5.6,6.1,4.1,价升||阳线,行情收盘价上穿5日,未分类,未分类,10
2026-05-19,688152.SH,麒麟信安,38.57,1.37%,开,1000,339,0万元,1.0,3964.0,101.59亿,39.30万,5.6,6.1,4.1,价升||阳线,行情收盘价上穿5日,未分类,未分类,10
2026-05-19,000048.SZ,京基智农,14.15,1.36%,开,730,376,0万元,0.73,5396.0,3.84亿,74.97万,5.6,6.1,4.1,价升||阳线,行情收盘价上穿5日,未分类,未分类,10
2026-05-19,605136.SH,丽人丽妆,10.62,1.34%,开,780,291,0万元,0.78,3335.0,3.12亿,42.53万,5.6,6.1,4.1,价升||阳线,行情收盘价上穿5日,未分类,未分类,10
2026-05-19,600163.SH,中闽能源,6.89,1.32%,开,1430,67,0万元,1.43,18595.0,27.22亿,131.12万,5.6,6.1,4.1,价升||阳线,行情收盘价上穿5日,未分类,未分类,10
2026-05-19,300074.SZ,华平股份,4.6,1.32%,开,1900,548,0万元,1.9,4817.0,10.42亿,25.29万,5.6,6.1,4.1,价升||阳线,行情收盘价上穿5日,未分类,未分类,10
2026-05-19,600082.SH,ST海泰,3.85,1.32%,开,1310,37,0万元,1.31,3227.0,8.32亿,24.42万,5.6,6.1,4.1,价升||阳线,行情收盘价上穿5日,未分类,未分类,10
2026-05-19,600119.SH,*ST长投,6.18,1.31%,开,480,51,0万元,0.48,1075.0,1.75亿,22.57万,5.6,6.1,4.1,价升||阳线,行情收盘价上穿5日,未分类,未分类,10
2026-05-19,002184.SZ,海得控制,12.48,1.30%,开,1750,464,0万元,1.75,5251.0,4.22亿,30.00万,5.6,6.1,4.1,价升||阳线,行情收盘价上穿5日,未分类,未分类,10
2026-05-19,600100.SH,同方股份,8.64,1.29%,开,570,43,0万元,0.57,16554.0,19.21亿,289.47万,5.6,6.1,4.1,价升||阳线,行情收盘价上穿5日,未分类,未分类,10
2026-05-19,002232.SZ,启明信息,18.1,1.29%,开,650,485,0万元,0.65,4847.0,2.67亿,73.95万,5.6,6.1,4.1,价升||阳线,行情收盘价上穿5日,未分类,未分类,10
2026-05-19,002133.SZ,广宇集团,3.16,1.28%,开,1350,444,0万元,1.35,3288.0,10.36亿,24.33万,5.6,6.1,4.1,价升||阳线,行情收盘价上穿5日,未分类,未分类,10
2026-05-19,002148.SZ,北纬科技,7.91,1.28%,开,1480,452,0万元,1.48,5303.0,6.67亿,35.54万,5.6,6.1,4.1,价升||阳线,行情收盘价上穿5日,未分类,未分类,10
2026-05-19,002269.SZ,美邦服饰,1.6,1.27%,开,920,503,0万元,0.92,3442.0,21.54亿,37.50万,5.6,6.1,4.1,价升||阳线,行情收盘价上穿5日,未分类,未分类,10
2026-05-19,002197.SZ,证通电子,8.0,1.27%,开,1690,472,0万元,1.69,7206.0,9.02亿,42.72万,5.6,6.1,4.1,价升||阳线,行情收盘价上穿5日,未分类,未分类,10
2026-05-19,601166.SH,兴业银行,17.67,1.26%,开,200,139,0万元,0.2,73049.0,41.49亿,3739.48万,5.6,6.1,4.1,价升||阳线,行情收盘价上穿5日,未分类,未分类,10
2026-05-19,300214.SZ,日科化学,8.86,1.26%,开,2020,598,0万元,2.02,8289.0,9.40亿,41.19万,5.6,6.1,4.1,价升||阳线,行情收盘价上穿5日,未分类,未分类,10
2026-05-19,002100.SZ,天康生物,7.25,1.26%,开,690,430,0万元,0.69,6855.0,9.47亿,98.98万,5.6,6.1,4.1,价升||阳线,行情收盘价上穿5日,未分类,未分类,10
2026-05-19,300158.SZ,振东制药,5.64,1.26%,开,300,580,0万元,0.3,1684.0,2.99亿,55.92万,5.6,6.1,4.1,价升||阳线,行情收盘价上穿5日,未分类,未分类,10
2026-05-19,300017.SZ,网宿科技,18.71,1.24%,开,5640,521,0万元,5.64,248121.0,131.97亿,438.08万,5.6,6.1,4.1,价升||阳线,行情收盘价上穿5日,未分类,未分类,10
2026-05-19,300079.SZ,数码视讯,5.84,1.21%,开,1370,552,0万元,1.37,10229.0,17.51亿,74.84万,5.6,6.1,4.1,价升||阳线,行情收盘价上穿5日,未分类,未分类,10
2026-05-19,600015.SH,华夏银行,6.68,1.21%,开,230,7,0万元,0.23,24091.0,36.12亿,1027.87万,5.6,6.1,4.1,价升||阳线,行情收盘价上穿5日,未分类,未分类,10
2026-05-19,600055.SH,万东医疗,13.4,1.21%,开,300,27,0万元,0.3,2823.0,2.10亿,94.21万,5.6,6.1,4.1,价升||阳线,行情收盘价上穿5日,未分类,未分类,10
2026-05-19,300288.SZ,朗玛信息,11.74,1.21%,开,950,629,0万元,0.95,2888.0,2.45亿,30.12万,5.6,6.1,4.1,价升||阳线,行情收盘价上穿5日,未分类,未分类,10
2026-05-19,300047.SZ,天源迪科,12.62,1.20%,开,1620,534,0万元,1.62,11701.0,9.28亿,72.43万,5.6,6.1,4.1,价升||阳线,行情收盘价上穿5日,未分类,未分类,10
2026-05-19,688033.SH,*ST天宜,8.46,1.20%,开,1140,310,0万元,1.14,5466.0,640.89亿,47.56万,5.6,6.1,4.1,价升||阳线,行情收盘价上穿5日,未分类,未分类,10
2026-05-19,601058.SH,赛轮轮胎,12.73,1.19%,开,310,121,0万元,0.31,13022.0,10.28亿,418.58万,5.6,6.1,4.1,价升||阳线,行情收盘价上穿5日,未分类,未分类,10
2026-05-19,600155.SH,华创云信,6.05,1.17%,开,510,64,0万元,0.51,6822.0,11.30亿,133.92万,5.6,6.1,4.1,价升||阳线,行情收盘价上穿5日,未分类,未分类,10
2026-05-19,000042.SZ,中洲控股,10.39,1.17%,开,410,375,0万元,0.41,2806.0,2.69亿,69.00万,5.6,6.1,4.1,价升||阳线,行情收盘价上穿5日,未分类,未分类,10
2026-05-19,600121.SH,郑州煤电,4.33,1.17%,开,2290,52,0万元,2.29,12056.0,27.92亿,52.76万,5.6,6.1,4.1,价升||阳线,行情收盘价上穿5日,未分类,未分类,10
2026-05-19,000159.SZ,国际实业,7.07,1.14%,开,7050,384,0万元,7.05,24386.0,33.90亿,33.98万,5.6,6.1,4.1,价升||阳线,行情收盘价上穿5日,未分类,未分类,10
2026-05-19,603096.SH,新经典,18.59,1.14%,开,350,198,0万元,0.35,992.0,5337.00万,28.67万,5.6,6.1,4.1,价升||阳线,行情收盘价上穿5日,未分类,未分类,10
2026-05-19,600037.SH,歌华有线,7.99,1.14%,开,640,21,0万元,0.64,7118.0,8.90亿,111.20万,5.6,6.1,4.1,价升||阳线,行情收盘价上穿5日,未分类,未分类,10
2026-05-19,300291.SZ,百纳千成,6.24,1.13%,开,900,631,0万元,0.9,5285.0,8.41亿,58.02万,5.6,6.1,4.1,价升||阳线,行情收盘价上穿5日,未分类,未分类,10
2026-05-19,603170.SH,宝立食品,12.52,1.13%,开,180,227,0万元,0.18,880.0,7011.00万,50.08万,5.6,6.1,4.1,价升||阳线,行情收盘价上穿5日,未分类,未分类,10
2026-05-19,601177.SH,杭齿前进,17.02,1.13%,开,1620,141,0万元,1.62,11005.0,6.50亿,68.09万,5.6,6.1,4.1,价升||阳线,行情收盘价上穿5日,未分类,未分类,10
2026-05-19,688191.SH,智洋创新,55.54,1.13%,开,2160,354,0万元,2.16,28092.0,500.16亿,128.66万,5.6,6.1,4.1,价升||阳线,行情收盘价上穿5日,未分类,未分类,10
2026-05-19,300201.SZ,海伦哲,16.23,1.12%,开,2290,593,0万元,2.29,37023.0,23.02亿,162.89万,5.6,6.1,4.1,价升||阳线,行情收盘价上穿5日,未分类,未分类,10
2026-05-19,002119.SZ,康强电子,23.5,1.12%,开,4010,438,0万元,4.01,35084.0,15.06亿,88.19万,5.6,6.1,4.1,价升||阳线,行情收盘价上穿5日,未分类,未分类,10
2026-05-19,601018.SH,宁波港,3.65,1.11%,开,110,115,0万元,0.11,7968.0,21.86亿,710.09万,5.6,6.1,4.1,价升||阳线,行情收盘价上穿5日,未分类,未分类,10
2026-05-19,600246.SH,万通发展,12.79,1.11%,开,2460,92,0万元,2.46,59259.0,46.44亿,241.78万,5.6,6.1,4.1,价升||阳线,行情收盘价上穿5日,未分类,未分类,10
2026-05-19,603215.SH,比依股份,17.36,1.11%,开,500,249,0万元,0.5,1634.0,9441.00万,32.50万,5.6,6.1,4.1,价升||阳线,行情收盘价上穿5日,未分类,未分类,10
2026-05-19,002093.SZ,国脉科技,8.23,1.11%,开,540,428,0万元,0.54,4493.0,5.45亿,82.92万,5.6,6.1,4.1,价升||阳线,行情收盘价上穿5日,未分类,未分类,10
2026-05-19,601019.SH,山东出版,7.33,1.10%,开,160,116,0万元,0.16,2408.0,3.29亿,152.97万,5.6,6.1,4.1,价升||阳线,行情收盘价上穿5日,未分类,未分类,10
2026-05-19,600162.SH,香江控股,1.84,1.10%,开,460,66,0万元,0.46,2781.0,15.12亿,60.14万,5.6,6.1,4.1,价升||阳线,行情收盘价上穿5日,未分类,未分类,10
2026-05-19,300204.SZ,舒泰神,26.71,1.10%,开,1900,594,0万元,1.9,23109.0,8.60亿,121.17万,5.6,6.1,4.1,价升||阴线,行情收盘价上穿5日,未分类,未分类,10
2026-05-19,002268.SZ,电科网安,15.68,1.10%,开,570,502,0万元,0.57,7571.0,4.82亿,132.54万,5.6,6.1,4.1,价升||阳线,行情收盘价上穿5日,未分类,未分类,10
2026-05-19,002088.SZ,鲁阳节能,9.24,1.09%,开,260,425,0万元,0.26,1206.0,1.30亿,46.73万,5.6,6.1,4.1,价升||阳线,行情收盘价上穿5日,未分类,未分类,10
2026-05-19,300261.SZ,雅本化学,5.59,1.08%,开,400,616,0万元,0.4,2125.0,3.80亿,52.70万,5.6,6.1,4.1,价升||阳线,行情收盘价上穿5日,未分类,未分类,10
2026-05-19,300268.SZ,佳沃食品,14.02,1.08%,开,1400,617,0万元,1.4,2642.0,1.87亿,18.75万,5.6,6.1,4.1,价升||阳线,行情收盘价上穿5日,未分类,未分类,10
2026-05-19,000027.SZ,深圳能源,7.49,1.08%,开,490,367,0万元,0.49,17547.0,23.48亿,356.33万,5.6,6.1,4.1,价升||阳线,行情收盘价上穿5日,未分类,未分类,10
2026-05-19,603201.SH,常润股份,15.92,1.08%,开,270,241,0万元,0.27,797.0,5022.00万,29.99万,5.6,6.1,4.1,价升||阳线,行情收盘价上穿5日,未分类,未分类,10
2026-05-19,002084.SZ,海鸥住工,3.75,1.08%,开,1020,424,0万元,1.02,2495.0,6.60亿,24.17万,5.6,6.1,4.1,价升||阳线,行情收盘价上穿5日,未分类,未分类,10
2026-05-19,600099.SH,林海股份,11.28,1.08%,开,880,42,0万元,0.88,2163.0,1.92亿,24.72万,5.6,6.1,4.1,价升||阳线,行情收盘价上穿5日,未分类,未分类,10
2026-05-19,002226.SZ,江南化工,5.7,1.06%,开,570,483,0万元,0.57,8601.0,15.20亿,150.99万,5.6,6.1,4.1,价升||阳线,行情收盘价上穿5日,未分类,未分类,10
2026-05-19,601288.SH,农业银行,6.67,1.06%,开,30,153,0万元,0.03,66799.0,100.33亿,2.13亿,5.6,6.1,4.1,价升||阳线,行情收盘价上穿5日,未分类,未分类,10
2026-05-19,002030.SZ,达安基因,6.71,1.05%,开,5930,398,0万元,5.93,55713.0,83.19亿,94.17万,5.6,6.1,4.1,价升||阳线,行情收盘价上穿5日,未分类,未分类,10
2026-05-19,688173.SH,希荻微,18.73,1.02%,开,1440,345,0万元,1.44,11056.0,589.12亿,76.84万,5.6,6.1,4.1,价升||阴线,行情收盘价上穿5日,未分类,未分类,10
2026-05-19,600125.SH,铁龙物流,5.96,1.02%,开,390,53,0万元,0.39,3064.0,5.15亿,77.81万,5.6,6.1,4.1,价升||阳线,行情收盘价上穿5日,未分类,未分类,10
2026-05-19,603266.SH,天龙股份,20.89,1.02%,开,940,265,0万元,0.94,3896.0,1.86亿,41.55万,5.6,6.1,4.1,价升||阳线,行情收盘价上穿5日,未分类,未分类,10
2026-05-19,300098.SZ,高新兴,5.97,1.02%,开,1830,557,0万元,1.83,16936.0,28.28亿,92.04万,5.6,6.1,4.1,价升||阳线,行情收盘价上穿5日,未分类,未分类,10
2026-05-19,601298.SH,青岛港,9.0,1.01%,开,70,154,0万元,0.07,3182.0,3.54亿,485.29万,5.6,6.1,4.1,价升||阳线,行情收盘价上穿5日,未分类,未分类,10
2026-05-19,300016.SZ,北陆药业,9.04,1.01%,开,1090,520,0万元,1.09,5528.0,6.12亿,50.82万,5.6,6.1,4.1,价升||阳线,行情收盘价上穿5日,未分类,未分类,10
2026-05-19,600182.SH,S佳通,14.1,1.00%,开,540,75,0万元,0.54,1280.0,9104.00万,23.97万,5.6,6.1,4.1,价升||阳线,行情收盘价上穿5日,未分类,未分类,10
2026-05-19,603188.SH,亚邦股份,5.11,0.99%,开,890,234,0万元,0.89,2585.0,5.05亿,29.14万,5.6,6.0,4.1,价升||阳线,行情收盘价上穿5日,未分类,未分类,10
2026-05-19,605068.SH,明新旭腾,27.05,0.97%,开,700,284,0万元,0.7,3117.0,1.14亿,43.87万,5.6,6.0,4.1,价升||阳线,行情收盘价上穿5日,未分类,未分类,10
2026-05-19,300299.SZ,富春股份,6.26,0.97%,开,1090,636,0万元,1.09,4722.0,7.53亿,43.15万,5.6,6.0,4.1,价升||阳线,行情收盘价上穿5日,未分类,未分类,10
2026-05-19,002123.SZ,梦网科技,9.43,0.96%,开,970,440,0万元,0.97,6629.0,7.00亿,67.95万,5.6,6.0,4.1,价升||阳线,行情收盘价上穿5日,未分类,未分类,10
2026-05-19,603099.SH,长白山,37.76,0.96%,开,850,200,0万元,0.85,8729.0,2.32亿,102.84万,5.6,6.0,4.1,价升||阳线,行情收盘价上穿5日,未分类,未分类,10
2026-05-19,300113.SZ,顺网科技,27.29,0.96%,开,3480,565,0万元,3.48,48354.0,17.71亿,138.91万,5.6,6.0,4.1,价升||阳线,行情收盘价上穿5日,未分类,未分类,10
2026-05-19,601228.SH,广州港,3.16,0.96%,开,140,150,0万元,0.14,3287.0,10.43亿,238.41万,5.6,6.0,4.1,价升||阳线,行情收盘价上穿5日,未分类,未分类,10
2026-05-19,605166.SH,聚合顺,11.61,0.96%,开,750,294,0万元,0.75,2756.0,2.36亿,36.54万,5.6,6.0,4.1,价升||阴线,行情收盘价上穿5日,未分类,未分类,10
2026-05-19,300002.SZ,神州泰岳,9.5,0.96%,开,1000,515,0万元,1.0,17645.0,18.45亿,175.45万,5.6,6.0,4.1,价升||阳线,行情收盘价上穿5日,未分类,未分类,10
2026-05-19,688088.SH,虹软科技,44.58,0.95%,开,1330,327,0万元,1.33,23875.0,532.04亿,178.84万,5.6,6.0,4.1,价升||阳线,行情收盘价上穿5日,未分类,未分类,10
2026-05-19,300271.SZ,华宇软件,6.41,0.94%,开,650,619,0万元,0.65,3340.0,5.18亿,50.92万,5.6,6.0,4.1,价升||阳线,行情收盘价上穿5日,未分类,未分类,10
2026-05-19,601089.SH,福元医药,19.33,0.94%,开,340,127,0万元,0.34,3138.0,1.63亿,92.78万,5.6,6.0,4.1,价升||阳线,行情收盘价上穿5日,未分类,未分类,10
2026-05-19,603113.SH,金能科技,5.37,0.94%,开,410,209,0万元,0.41,1866.0,3.48亿,45.56万,5.6,6.0,4.1,价升||阳线,行情收盘价上穿5日,未分类,未分类,10
2026-05-19,300239.SZ,东宝生物,5.38,0.94%,开,590,605,0万元,0.59,1877.0,3.48亿,31.73万,5.6,6.0,4.1,价升||阳线,行情收盘价上穿5日,未分类,未分类,10
2026-05-19,002298.SZ,中电鑫龙,11.84,0.94%,开,7320,514,0万元,7.32,56881.0,48.39亿,78.23万,5.6,6.0,4.1,价升||阳线,行情收盘价上穿5日,未分类,未分类,10
2026-05-19,603219.SH,富佳股份,18.35,0.94%,开,690,250,0万元,0.69,7110.0,3.86亿,103.02万,5.6,6.0,4.1,价升||阳线,行情收盘价上穿5日,未分类,未分类,10
2026-05-19,603080.SH,新疆火炬,23.94,0.93%,开,1530,193,0万元,1.53,5139.0,2.16亿,33.88万,5.6,6.0,4.1,价升||阳线,行情收盘价上穿5日,未分类,未分类,10
2026-05-19,002138.SZ,顺络电子,37.03,0.93%,开,1880,447,0万元,1.88,52997.0,14.19亿,280.13万,5.6,6.0,4.1,价升||阳线,行情收盘价上穿5日,未分类,未分类,10
2026-05-19,688177.SH,百奥泰,19.64,0.92%,开,370,347,0万元,0.37,3023.0,151.59亿,81.33万,5.6,6.0,4.1,价升||阴线,行情收盘价上穿5日,未分类,未分类,10
2026-05-19,002279.SZ,久其软件,7.65,0.92%,开,1540,507,0万元,1.54,9421.0,12.24亿,60.86万,5.6,6.0,4.1,价升||阳线,行情收盘价上穿5日,未分类,未分类,10
2026-05-19,600269.SH,赣粤高速,4.38,0.92%,开,160,100,0万元,0.16,1631.0,3.73亿,102.29万,5.6,6.0,4.1,价升||阳线,行情收盘价上穿5日,未分类,未分类,10
2026-05-19,600107.SH,*ST尔雅,6.59,0.92%,开,450,47,0万元,0.45,1048.0,1.60亿,23.72万,5.6,6.0,4.1,价升||阳线,行情收盘价上穿5日,未分类,未分类,10
2026-05-19,603111.SH,康尼机电,6.63,0.91%,开,140,208,0万元,0.14,816.0,1.24亿,56.55万,5.6,6.0,4.1,价升||阳线,行情收盘价上穿5日,未分类,未分类,10
2026-05-19,600201.SH,生物股份,14.38,0.91%,开,1100,83,0万元,1.1,17530.0,12.27亿,159.87万,5.6,6.0,4.1,价升||阴线,行情收盘价上穿5日,未分类,未分类,10
2026-05-19,603255.SH,鼎际得,33.22,0.91%,开,1330,260,0万元,1.33,2684.0,8056.00万,20.16万,5.6,6.0,4.1,价升||阳线,行情收盘价上穿5日,未分类,未分类,10
2026-05-19,002287.SZ,奇正藏药,22.2,0.91%,开,90,509,0万元,0.09,1091.0,4916.00万,126.75万,5.6,6.0,4.1,价升||阳线,行情收盘价上穿5日,未分类,未分类,10
2026-05-19,002218.SZ,拓日新能,5.55,0.91%,开,2990,481,0万元,2.99,23369.0,41.54亿,77.02万,5.6,6.0,4.1,价升||阴线,行情收盘价上穿5日,未分类,未分类,10
2026-05-19,300105.SZ,龙源技术,6.77,0.89%,开,590,561,0万元,0.59,2068.0,3.06亿,34.90万,5.6,6.0,4.1,价升||阳线,行情收盘价上穿5日,未分类,未分类,10
2026-05-19,300296.SZ,利亚德,6.86,0.88%,开,3580,634,0万元,3.58,55967.0,81.36亿,156.03万,5.6,6.0,4.1,价升||阳线,行情收盘价上穿5日,未分类,未分类,10
2026-05-19,603230.SH,内蒙新华,10.44,0.87%,开,180,255,0万元,0.18,661.0,6350.00万,36.91万,5.6,6.0,4.1,价升||阳线,行情收盘价上穿5日,未分类,未分类,10
2026-05-19,601155.SH,新城控股,13.95,0.87%,开,360,136,0万元,0.36,11358.0,8.09亿,314.66万,5.6,6.0,4.1,价升||阳线,行情收盘价上穿5日,未分类,未分类,10
2026-05-19,002194.SZ,武汉凡谷,12.89,0.86%,开,5110,469,0万元,5.11,33694.0,26.10亿,65.85万,5.6,6.0,4.1,价升||阳线,行情收盘价上穿5日,未分类,未分类,10
2026-05-19,002141.SZ,贤丰控股,3.54,0.85%,开,500,449,0万元,0.5,1831.0,5.15亿,36.57万,5.6,6.0,4.1,价升||阳线,行情收盘价上穿5日,未分类,未分类,10
2026-05-19,605108.SH,同庆楼,14.27,0.85%,开,330,288,0万元,0.33,1241.0,8687.00万,37.10万,5.6,6.0,4.1,价升||阴线,行情收盘价上穿5日,未分类,未分类,10
2026-05-19,600033.SH,福建高速,3.57,0.85%,开,290,18,0万元,0.29,2853.0,8.00亿,97.98万,5.6,6.0,4.1,价升||阳线,行情收盘价上穿5日,未分类,未分类,10
2026-05-19,600195.SH,中牧股份,7.15,0.85%,开,230,79,0万元,0.23,1715.0,2.40亿,73.01万,5.6,6.0,4.1,价升||阳线,行情收盘价上穿5日,未分类,未分类,10
2026-05-19,002022.SZ,科华生物,5.96,0.85%,开,1070,394,0万元,1.07,3262.0,5.48亿,30.65万,5.6,6.0,4.1,价升||阳线,行情收盘价上穿5日,未分类,未分类,10
2026-05-19,600271.SH,航天信息,8.35,0.85%,开,450,101,0万元,0.45,6992.0,8.33亿,154.72万,5.6,6.0,4.1,价升||阳线,行情收盘价上穿5日,未分类,未分类,10
2026-05-19,601187.SH,厦门银行,7.21,0.84%,开,130,144,0万元,0.13,2450.0,3.40亿,189.87万,5.6,6.0,4.1,价升||阳线,行情收盘价上穿5日,未分类,未分类,10
2026-05-19,300144.SZ,宋城演艺,7.21,0.84%,开,440,573,0万元,0.44,8161.0,11.30亿,187.27万,5.6,6.0,4.1,价升||阳线,行情收盘价上穿5日,未分类,未分类,10
2026-05-19,300298.SZ,三诺生物,16.84,0.84%,开,440,635,0万元,0.44,3355.0,1.98亿,75.93万,5.6,6.0,4.1,价升||阳线,行情收盘价上穿5日,未分类,未分类,10
2026-05-19,603055.SH,台华新材,8.48,0.83%,开,340,182,0万元,0.34,2572.0,3.04亿,75.22万,5.6,6.0,4.1,价升||阳线,行情收盘价上穿5日,未分类,未分类,10
2026-05-19,002172.SZ,澳洋健康,3.66,0.83%,开,930,460,0万元,0.93,2602.0,7.09亿,28.00万,5.6,6.0,4.1,价升||阳线,行情收盘价上穿5日,未分类,未分类,10
2026-05-19,605266.SH,健之佳,19.53,0.83%,开,430,300,0万元,0.43,1300.0,6661.00万,30.18万,5.6,6.0,4.1,价升||阳线,行情收盘价上穿5日,未分类,未分类,10
2026-05-19,605018.SH,长华集团,13.47,0.82%,开,560,281,0万元,0.56,3592.0,2.65亿,63.32万,5.6,6.0,4.1,价升||阳线,行情收盘价上穿5日,未分类,未分类,10
2026-05-19,600197.SH,伊力特,12.3,0.82%,开,520,81,0万元,0.52,3040.0,2.47亿,58.20万,5.6,6.0,4.1,价升||阳线,行情收盘价上穿5日,未分类,未分类,10
2026-05-19,601009.SH,南京银行,11.09,0.82%,开,130,113,0万元,0.13,17545.0,15.83亿,1371.12万,5.6,6.0,4.1,价升||阳线,行情收盘价上穿5日,未分类,未分类,10
2026-05-19,002003.SZ,伟星股份,9.86,0.82%,开,220,386,0万元,0.22,2176.0,2.21亿,100.78万,5.6,6.0,4.1,价升||阳线,行情收盘价上穿5日,未分类,未分类,10
2026-05-19,000153.SZ,丰原药业,6.18,0.82%,开,560,381,0万元,0.56,1597.0,2.58亿,28.36万,5.6,6.0,4.1,价升||阳线,行情收盘价上穿5日,未分类,未分类,10
2026-05-19,002256.SZ,兆新股份,4.95,0.81%,开,2580,499,0万元,2.58,25349.0,52.03亿,99.71万,5.6,6.0,4.1,价升||阳线,行情收盘价上穿5日,未分类,未分类,10
2026-05-19,600250.SH,南京商旅,9.96,0.81%,开,1370,95,0万元,1.37,4278.0,4.28亿,31.15万,5.6,6.0,4.1,价升||阳线,行情收盘价上穿5日,未分类,未分类,10
2026-05-19,600168.SH,武汉控股,4.99,0.81%,开,340,70,0万元,0.34,1679.0,3.37亿,49.57万,5.6,6.0,4.1,价升||阳线,行情收盘价上穿5日,未分类,未分类,10
2026-05-19,603002.SH,宏昌电子,15.1,0.80%,开,2670,157,0万元,2.67,45132.0,30.33亿,171.25万,5.6,6.0,4.1,价升||阳线,行情收盘价上穿5日,未分类,未分类,10
2026-05-19,002275.SZ,桂林三金,13.86,0.80%,开,140,505,0万元,0.14,1057.0,7636.00万,77.21万,5.6,6.0,4.1,价升||阳线,行情收盘价上穿5日,未分类,未分类,10
2026-05-19,603058.SH,永吉股份,11.36,0.80%,开,1460,184,0万元,1.46,6936.0,6.02亿,46.99万,5.6,6.0,4.1,价升||阳线,行情收盘价上穿5日,未分类,未分类,10
2026-05-19,300150.SZ,世纪瑞尔,5.06,0.80%,开,890,577,0万元,0.89,2107.0,4.15亿,23.46万,5.6,6.0,4.1,价升||阳线,行情收盘价上穿5日,未分类,未分类,10
2026-05-19,300293.SZ,蓝英装备,20.31,0.79%,开,1340,632,0万元,1.34,9145.0,4.55亿,68.74万,5.6,6.0,4.1,价升||阳线,行情收盘价上穿5日,未分类,未分类,10
2026-05-19,600265.SH,*ST景谷,21.58,0.79%,开,160,99,0万元,0.16,451.0,2080.00万,28.01万,5.6,6.0,4.1,价升||阳线,行情收盘价上穿5日,未分类,未分类,10
2026-05-19,603214.SH,爱婴室,16.57,0.79%,开,500,248,0万元,0.5,1156.0,6947.00万,22.96万,5.6,6.0,4.1,价升||阳线,行情收盘价上穿5日,未分类,未分类,10
2026-05-19,603079.SH,圣达生物,15.35,0.79%,开,290,192,0万元,0.29,841.0,5467.00万,29.02万,5.6,6.0,4.1,价升||阳线,行情收盘价上穿5日,未分类,未分类,10
2026-05-19,002186.SZ,全 聚 德,10.25,0.79%,开,410,466,0万元,0.41,1283.0,1.25亿,31.45万,5.6,6.0,4.1,价升||阳线,行情收盘价上穿5日,未分类,未分类,10
2026-05-19,600035.SH,楚天高速,3.87,0.78%,开,300,19,0万元,0.3,1850.0,4.79亿,62.31万,5.6,6.0,4.1,价升||阳线,行情收盘价上穿5日,未分类,未分类,10
2026-05-19,600057.SH,厦门象屿,6.49,0.78%,开,320,29,0万元,0.32,4332.0,6.68亿,135.80万,5.6,6.0,4.1,价升||阳线,行情收盘价上穿5日,未分类,未分类,10
2026-05-19,300093.SZ,*ST金刚,21.04,0.77%,开,650,556,0万元,0.65,3129.0,1.49亿,48.60万,5.6,6.0,4.1,价升||阳线,行情收盘价上穿5日,未分类,未分类,10
2026-05-19,603189.SH,*ST网达,13.21,0.76%,开,780,235,0万元,0.78,2799.0,2.11亿,35.61万,5.6,6.0,4.1,价升||阳线,行情收盘价上穿5日,未分类,未分类,10
2026-05-19,603039.SH,泛微网络,47.78,0.76%,开,1510,175,0万元,1.51,18601.0,3.88亿,122.49万,5.6,6.0,4.1,价升||阳线,行情收盘价上穿5日,未分类,未分类,10
2026-05-19,600199.SH,金种子酒,7.99,0.76%,开,730,82,0万元,0.73,3855.0,4.80亿,52.56万,5.6,6.0,4.1,价升||阳线,行情收盘价上穿5日,未分类,未分类,10
2026-05-19,601229.SH,上海银行,9.33,0.76%,开,90,151,0万元,0.09,11808.0,12.66亿,1325.70万,5.6,6.0,4.1,价升||阳线,行情收盘价上穿5日,未分类,未分类,10
2026-05-19,603182.SH,嘉华股份,14.7,0.75%,开,540,233,0万元,0.54,1316.0,8922.00万,24.19万,5.6,6.0,4.1,价升||阳线,行情收盘价上穿5日,未分类,未分类,10
2026-05-19,300283.SZ,温州宏丰,17.39,0.75%,开,12840,626,0万元,12.84,82751.0,47.17亿,63.86万,5.6,6.0,4.1,价升||阳线,行情收盘价上穿5日,未分类,未分类,10
2026-05-19,603180.SH,金牌家居,18.76,0.75%,开,310,232,0万元,0.31,903.0,4805.00万,28.94万,5.6,6.0,4.1,价升||阳线,行情收盘价上穿5日,未分类,未分类,10
2026-05-19,603065.SH,宿迁联盛,8.09,0.75%,开,210,185,0万元,0.21,712.0,8774.00万,33.89万,5.6,6.0,4.0,价升||阳线,行情收盘价上穿5日,未分类,未分类,10
2026-05-19,603037.SH,凯众股份,14.84,0.75%,开,3030,173,0万元,3.03,12112.0,8.05亿,39.50万,5.6,6.0,4.0,价升||阳线,行情收盘价上穿5日,未分类,未分类,10
2026-05-19,603212.SH,赛伍技术,14.92,0.74%,开,2060,246,0万元,2.06,13578.0,9.03亿,65.27万,5.6,6.0,4.0,价升||阳线,行情收盘价上穿5日,未分类,未分类,10
2026-05-19,002037.SZ,保利联合,8.15,0.74%,开,560,403,0万元,0.56,2206.0,2.69亿,39.44万,5.6,6.0,4.0,价升||阳线,行情收盘价上穿5日,未分类,未分类,10
2026-05-19,300030.SZ,阳普医疗,8.15,0.74%,开,930,526,0万元,0.93,2069.0,2.53亿,22.19万,5.6,6.0,4.0,价升||阳线,行情收盘价上穿5日,未分类,未分类,10
2026-05-19,300067.SZ,安诺其,6.82,0.74%,开,5130,544,0万元,5.13,33185.0,48.05亿,63.92万,5.6,6.0,4.0,价升||阳线,行情收盘价上穿5日,未分类,未分类,10
2026-05-19,002101.SZ,广东鸿图,9.6,0.73%,开,300,431,0万元,0.3,1895.0,1.98亿,63.57万,5.6,6.0,4.0,价升||阳线,行情收盘价上穿5日,未分类,未分类,10
2026-05-19,603029.SH,天鹅股份,19.46,0.72%,开,630,169,0万元,0.63,1494.0,7660.00万,23.61万,5.6,6.0,4.0,价升||阳线,行情收盘价上穿5日,未分类,未分类,10
2026-05-19,600073.SH,光明肉业,5.56,0.72%,开,230,33,0万元,0.23,1211.0,2.17亿,52.14万,5.6,6.0,4.0,价升||阳线,行情收盘价上穿5日,未分类,未分类,10
2026-05-19,600004.SH,白云机场,8.36,0.72%,开,150,1,0万元,0.15,2888.0,3.45亿,197.86万,5.6,6.0,4.0,价升||阳线,行情收盘价上穿5日,未分类,未分类,10
2026-05-19,603191.SH,望变电气,22.34,0.72%,开,5800,236,0万元,5.8,42755.0,19.12亿,73.71万,5.6,6.0,4.0,价升||阳线,行情收盘价上穿5日,未分类,未分类,10
2026-05-19,600022.SH,山东钢铁,1.4,0.72%,开,130,12,0万元,0.13,1990.0,14.30亿,149.78万,5.6,6.0,4.0,价升||阳线,行情收盘价上穿5日,未分类,未分类,10
2026-05-19,688079.SH,美迪凯,18.23,0.72%,开,1870,322,0万元,1.87,13946.0,754.80亿,73.72万,5.6,6.0,4.0,价升||阳线,行情收盘价上穿5日,未分类,未分类,10
2026-05-19,002065.SZ,东华软件,8.43,0.72%,开,570,418,0万元,0.57,13994.0,16.50亿,245.14万,5.6,6.0,4.0,价升||阳线,行情收盘价上穿5日,未分类,未分类,10
2026-05-19,600059.SH,古越龙山,8.49,0.71%,开,290,30,0万元,0.29,2245.0,2.64亿,77.39万,5.6,6.0,4.0,价升||阳线,行情收盘价上穿5日,未分类,未分类,10
2026-05-19,002253.SZ,*ST智胜,11.44,0.70%,开,560,498,0万元,0.56,1358.0,1.19亿,24.02万,5.6,6.0,4.0,价升||阳线,行情收盘价上穿5日,未分类,未分类,10
2026-05-19,605077.SH,华康股份,18.64,0.70%,开,2640,285,0万元,2.64,14987.0,7.92亿,55.81万,5.6,6.0,4.0,价升||阴线,行情收盘价上穿5日,未分类,未分类,10
2026-05-19,300205.SZ,*ST天喻,5.77,0.70%,开,280,595,0万元,0.28,687.0,1.20亿,24.81万,5.6,6.0,4.0,价升||阳线,行情收盘价上穿5日,未分类,未分类,10
2026-05-19,002122.SZ,ST汇洲,2.89,0.70%,开,360,439,0万元,0.36,2048.0,7.08亿,57.45万,5.6,6.0,4.0,价升||阳线,行情收盘价上穿5日,未分类,未分类,10
2026-05-19,000039.SZ,中集集团,11.61,0.69%,开,700,374,0万元,0.7,18989.0,16.19亿,267.19万,5.6,6.0,4.0,价升||阳线,行情收盘价上穿5日,未分类,未分类,10
2026-05-19,002036.SZ,联创电子,8.71,0.69%,开,2000,402,0万元,2.0,18582.0,21.12亿,91.93万,5.6,6.0,4.0,价升||阴线,行情收盘价上穿5日,未分类,未分类,10
2026-05-19,002137.SZ,实益达,8.73,0.69%,开,1550,446,0万元,1.55,5400.0,6.16亿,34.61万,5.6,6.0,4.0,价升||阳线,行情收盘价上穿5日,未分类,未分类,10
2026-05-19,002183.SZ,怡 亚 通,7.3,0.69%,开,3350,463,0万元,3.35,64312.0,86.94亿,189.58万,5.6,6.0,4.0,价升||阳线,行情收盘价上穿5日,未分类,未分类,10
2026-05-19,688052.SH,纳芯微,220.87,0.69%,开,850,314,0万元,0.85,26709.0,121.84亿,314.80万,5.6,6.0,4.0,价升||阳线,行情收盘价上穿5日,未分类,未分类,10
2026-05-19,605111.SH,新洁能,50.58,0.68%,开,2610,289,0万元,2.61,54157.0,10.83亿,210.08万,5.6,6.0,4.0,价升||阳线,行情收盘价上穿5日,未分类,未分类,10
2026-05-19,002236.SZ,大华股份,17.89,0.68%,开,740,486,0万元,0.74,32044.0,17.79亿,427.77万,5.6,6.0,4.0,价升||阳线,行情收盘价上穿5日,未分类,未分类,10
2026-05-19,605011.SH,杭州热电,22.39,0.67%,开,530,279,0万元,0.53,4759.0,2.14亿,89.58万,5.6,6.0,4.0,价升||阳线,行情收盘价上穿5日,未分类,未分类,10
2026-05-19,300110.SZ,华仁药业,2.99,0.67%,开,530,564,0万元,0.53,1865.0,6.21亿,35.32万,5.6,6.0,4.0,价升||阳线,行情收盘价上穿5日,未分类,未分类,10
2026-05-19,000166.SZ,申万宏源,4.5,0.67%,开,150,385,0万元,0.15,15397.0,34.27亿,1014.10万,5.6,6.0,4.0,价升||阳线,行情收盘价上穿5日,未分类,未分类,10
2026-05-19,002109.SZ,ST兴化,3.01,0.67%,开,580,434,0万元,0.58,2242.0,7.47亿,38.42万,5.6,6.0,4.0,价升||阳线,行情收盘价上穿5日,未分类,未分类,10
2026-05-19,603020.SH,爱普股份,10.55,0.67%,开,490,163,0万元,0.49,1946.0,1.84亿,39.63万,5.6,6.0,4.0,价升||阴线,行情收盘价上穿5日,未分类,未分类,10
2026-05-19,603167.SH,渤海轮渡,9.05,0.67%,开,240,225,0万元,0.24,1036.0,1.15亿,42.46万,5.6,6.0,4.0,价升||阳线,行情收盘价上穿5日,未分类,未分类,10
2026-05-19,603127.SH,昭衍新药,39.43,0.66%,开,2180,215,0万元,2.18,55035.0,13.76亿,248.55万,5.6,6.0,4.0,价升||阴线,行情收盘价上穿5日,未分类,未分类,10
2026-05-19,000088.SZ,盐 田 港,4.55,0.66%,开,260,379,0万元,0.26,3732.0,8.21亿,143.91万,5.6,6.0,4.0,价升||阳线,行情收盘价上穿5日,未分类,未分类,10
2026-05-19,600221.SH,海航控股,1.52,0.66%,开,100,85,0万元,0.1,6610.0,43.69亿,651.25万,5.6,6.0,4.0,价升||阳线,行情收盘价上穿5日,未分类,未分类,10
2026-05-19,601225.SH,陕西煤业,24.55,0.66%,开,140,149,0万元,0.14,32924.0,13.42亿,2380.12万,5.6,6.0,4.0,价升||阳线,行情收盘价上穿5日,未分类,未分类,10
2026-05-19,688032.SH,禾迈股份,112.16,0.66%,开,810,309,0万元,0.81,11327.0,99.89亿,139.16万,5.6,6.0,4.0,价升||阳线,行情收盘价上穿5日,未分类,未分类,10
2026-05-19,600272.SH,开开实业,12.43,0.65%,开,420,102,0万元,0.42,836.0,6720.00万,19.89万,5.6,6.0,4.0,价升||阳线,行情收盘价上穿5日,未分类,未分类,10
2026-05-19,002103.SZ,广博股份,7.77,0.65%,开,620,433,0万元,0.62,1872.0,2.40亿,30.16万,5.6,6.0,4.0,价升||阳线,行情收盘价上穿5日,未分类,未分类,10
2026-05-19,300226.SZ,上海钢联,24.9,0.65%,开,950,600,0万元,0.95,7271.0,2.91亿,76.31万,5.6,6.0,4.0,价升||阳线,行情收盘价上穿5日,未分类,未分类,10
2026-05-19,000034.SZ,神州数码,29.83,0.64%,开,2460,372,0万元,2.46,62219.0,20.88亿,253.30万,5.6,6.0,4.0,价升||阳线,行情收盘价上穿5日,未分类,未分类,10
2026-05-19,300188.SZ,国投智能,12.63,0.64%,开,540,592,0万元,0.54,5899.0,4.65亿,108.05万,5.6,6.0,4.0,价升||阳线,行情收盘价上穿5日,未分类,未分类,10
2026-05-19,002004.SZ,华邦健康,4.75,0.64%,开,300,387,0万元,0.3,2663.0,5.59亿,89.46万,5.6,6.0,4.0,价升||阳线,行情收盘价上穿5日,未分类,未分类,10
2026-05-19,603073.SH,彩蝶实业,20.72,0.63%,开,1450,190,0万元,1.45,1540.0,7402.00万,10.54万,5.6,6.0,4.0,价升||阴线,行情收盘价上穿5日,未分类,未分类,10
2026-05-19,002095.SZ,生 意 宝,15.95,0.63%,开,410,429,0万元,0.41,1662.0,1.04亿,40.15万,5.6,6.0,4.0,价升||阳线,行情收盘价上穿5日,未分类,未分类,10
2026-05-19,000028.SZ,国药一致,24.03,0.63%,开,140,368,0万元,0.14,1642.0,6833.00万,114.88万,5.6,6.0,4.0,价升||阳线,行情收盘价上穿5日,未分类,未分类,10
2026-05-19,601098.SH,中南传媒,11.27,0.63%,开,130,128,0万元,0.13,2575.0,2.29亿,202.41万,5.6,6.0,4.0,价升||阳线,行情收盘价上穿5日,未分类,未分类,10
2026-05-19,603223.SH,恒通股份,9.69,0.62%,开,620,253,0万元,0.62,4246.0,4.39亿,68.39万,5.6,6.0,4.0,价升||阳线,行情收盘价上穿5日,未分类,未分类,10
2026-05-19,600061.SH,国投资本,6.47,0.62%,开,190,31,0万元,0.19,7711.0,11.95亿,413.69万,5.6,6.0,4.0,价升||阳线,行情收盘价上穿5日,未分类,未分类,10
2026-05-19,002110.SZ,三钢闽光,3.24,0.62%,开,400,435,0万元,0.4,3185.0,9.76亿,78.70万,5.6,6.0,4.0,价升||阳线,行情收盘价上穿5日,未分类,未分类,10
2026-05-19,002277.SZ,友阿股份,6.48,0.62%,开,1260,506,0万元,1.26,11342.0,17.57亿,90.34万,5.6,6.0,4.0,价升||阳线,行情收盘价上穿5日,未分类,未分类,10
2026-05-19,688009.SH,中国通号,4.92,0.61%,开,120,303,0万元,0.12,5292.0,1072.94亿,424.15万,5.6,6.0,4.0,价升||阳线,行情收盘价上穿5日,未分类,未分类,10
2026-05-19,601188.SH,龙江交通,3.28,0.61%,开,650,145,0万元,0.65,2797.0,8.55亿,42.82万,5.6,6.0,4.0,价升||阳线,行情收盘价上穿5日,未分类,未分类,10
2026-05-19,603027.SH,千禾味业,8.2,0.61%,开,280,167,0万元,0.28,2922.0,3.55亿,102.47万,5.6,6.0,4.0,价升||阳线,行情收盘价上穿5日,未分类,未分类,10
2026-05-19,601088.SH,中国神华,46.13,0.61%,开,70,126,0万元,0.07,52432.0,11.39亿,7607.32万,5.6,6.0,4.0,价升||阳线,行情收盘价上穿5日,未分类,未分类,10
2026-05-19,603286.SH,日盈电子,67.92,0.61%,开,1700,272,0万元,1.7,13503.0,1.96亿,78.54万,5.6,6.0,4.0,价升||阴线,行情收盘价上穿5日,未分类,未分类,10
2026-05-19,002250.SZ,联化科技,15.07,0.60%,开,530,495,0万元,0.53,7153.0,4.74亿,134.87万,5.6,6.0,4.0,价升||阳线,行情收盘价上穿5日,未分类,未分类,10
2026-05-19,600097.SH,开创国际,10.08,0.60%,开,550,40,0万元,0.55,1336.0,1.32亿,24.29万,5.6,6.0,4.0,价升||阳线,行情收盘价上穿5日,未分类,未分类,10
2026-05-19,002117.SZ,东港股份,10.1,0.60%,开,660,437,0万元,0.66,3491.0,3.46亿,52.88万,5.6,6.0,4.0,价升||阳线,行情收盘价上穿5日,未分类,未分类,10
2026-05-19,600235.SH,民丰特纸,6.74,0.60%,开,610,88,0万元,0.61,1458.0,2.15亿,23.68万,5.6,6.0,4.0,价升||阳线,行情收盘价上穿5日,未分类,未分类,10
2026-05-19,300180.SZ,华峰超纤,5.06,0.60%,开,450,589,0万元,0.45,3882.0,7.64亿,86.66万,5.6,6.0,4.0,价升||阳线,行情收盘价上穿5日,未分类,未分类,10
2026-05-19,688031.SH,星环科技-U,124.41,0.59%,开,1900,308,0万元,1.9,29053.0,230.27亿,150.71万,5.6,6.0,4.0,价升||阳线,行情收盘价上穿5日,未分类,未分类,10
2026-05-19,002291.SZ,遥望科技,6.84,0.59%,开,2400,510,0万元,2.4,14323.0,20.85亿,59.45万,5.6,6.0,4.0,价升||阳线,行情收盘价上穿5日,未分类,未分类,10
2026-05-19,002043.SZ,兔 宝 宝,13.8,0.58%,开,700,408,0万元,0.7,7800.0,5.69亿,111.44万,5.6,6.0,4.0,价升||阳线,行情收盘价上穿5日,未分类,未分类,10
2026-05-19,601077.SH,渝农商行,6.9,0.58%,开,90,124,0万元,0.09,5594.0,8.12亿,609.84万,5.6,6.0,4.0,价升||阳线,行情收盘价上穿5日,未分类,未分类,10
2026-05-19,002205.SZ,国统股份,14.07,0.57%,开,760,474,0万元,0.76,1999.0,1.40亿,26.15万,5.6,6.0,4.0,价升||阴线,行情收盘价上穿5日,未分类,未分类,10
2026-05-19,603106.SH,恒银科技,8.8,0.57%,开,430,206,0万元,0.43,2001.0,2.26亿,45.81万,5.6,6.0,4.0,价升||阳线,行情收盘价上穿5日,未分类,未分类,10
2026-05-19,300294.SZ,博雅生物,16.12,0.56%,开,250,633,0万元,0.25,2047.0,1.27亿,81.28万,5.6,6.0,4.0,价升||阳线,行情收盘价上穿5日,未分类,未分类,10
2026-05-19,300272.SZ,开能健康,7.2,0.56%,开,540,620,0万元,0.54,1823.0,2.52亿,33.44万,5.6,6.0,4.0,价升||阳线,行情收盘价上穿5日,未分类,未分类,10
2026-05-19,603069.SH,海汽集团,18.08,0.56%,开,1110,188,0万元,1.11,6313.0,3.50亿,57.13万,5.6,6.0,4.0,价升||阳线,行情收盘价上穿5日,未分类,未分类,10
2026-05-19,002033.SZ,丽江股份,9.07,0.55%,开,1310,400,0万元,1.31,6557.0,7.22亿,49.84万,5.6,6.0,4.0,价升||阳线,行情收盘价上穿5日,未分类,未分类,10
2026-05-19,002012.SZ,凯恩股份,7.26,0.55%,开,1150,389,0万元,1.15,3895.0,5.37亿,33.95万,5.6,6.0,4.0,价升||阴线,行情收盘价上穿5日,未分类,未分类,10
2026-05-19,603205.SH,健尔康,25.6,0.55%,开,580,242,0万元,0.58,620.0,2417.00万,10.58万,5.6,6.0,4.0,价升||阳线,行情收盘价上穿5日,未分类,未分类,10
2026-05-19,605007.SH,五洲特纸,14.66,0.55%,开,390,277,0万元,0.39,2307.0,1.57亿,58.87万,5.6,6.0,4.0,价升||阳线,行情收盘价上穿5日,未分类,未分类,10
2026-05-19,300138.SZ,晨光生物,11.06,0.55%,开,320,570,0万元,0.32,1424.0,1.29亿,44.05万,5.6,6.0,4.0,价升||阳线,行情收盘价上穿5日,未分类,未分类,10
2026-05-19,300184.SZ,力源信息,14.77,0.54%,开,5400,591,0万元,5.4,84735.0,56.93亿,155.68万,5.6,6.0,4.0,价升||阴线,行情收盘价上穿5日,未分类,未分类,10
2026-05-19,603128.SH,华贸物流,5.55,0.54%,开,280,216,0万元,0.28,2036.0,3.67亿,72.65万,5.6,6.0,4.0,价升||阳线,行情收盘价上穿5日,未分类,未分类,10
2026-05-19,000002.SZ,万  科Ａ,3.7,0.54%,开,430,358,0万元,0.43,15410.0,41.62亿,359.53万,5.6,6.0,4.0,价升||阳线,行情收盘价上穿5日,未分类,未分类,10
2026-05-19,300122.SZ,智飞生物,14.88,0.54%,开,370,566,0万元,0.37,7756.0,5.20亿,210.45万,5.6,6.0,4.0,价升||阳线,行情收盘价上穿5日,未分类,未分类,10
2026-05-19,002262.SZ,恩华药业,20.68,0.53%,开,400,500,0万元,0.4,7390.0,3.56亿,182.80万,5.6,6.0,4.0,价升||阳线,行情收盘价上穿5日,未分类,未分类,10
2026-05-19,000055.SZ,方大集团,3.76,0.53%,开,1480,377,0万元,1.48,3765.0,9.98亿,25.41万,5.6,6.0,4.0,价升||阴线,行情收盘价上穿5日,未分类,未分类,10
2026-05-19,603018.SH,华设集团,7.61,0.53%,开,340,162,0万元,0.34,1757.0,2.30亿,52.04万,5.6,6.0,4.0,价升||阳线,行情收盘价上穿5日,未分类,未分类,10
2026-05-19,603284.SH,林平发展,45.72,0.53%,开,2290,271,0万元,2.29,1946.0,4222.00万,8.45万,5.6,6.0,4.0,价升||阳线,行情收盘价上穿5日,未分类,未分类,10
2026-05-19,600148.SH,长春一东,19.06,0.53%,开,440,61,0万元,0.44,1182.0,6178.00万,26.97万,5.6,6.0,4.0,价升||阴线,行情收盘价上穿5日,未分类,未分类,10
2026-05-19,600089.SH,特变电工,26.9,0.52%,开,900,39,0万元,0.9,121943.0,45.40亿,1359.20万,5.6,6.0,4.0,价升||阳线,行情收盘价上穿5日,未分类,未分类,10
2026-05-19,600249.SH,两面针,5.77,0.52%,开,630,94,0万元,0.63,2010.0,3.48亿,31.73万,5.6,6.0,4.0,价升||阳线,行情收盘价上穿5日,未分类,未分类,10
2026-05-19,603022.SH,新通联,11.55,0.52%,开,940,165,0万元,0.94,2176.0,1.87亿,23.10万,5.6,6.0,4.0,价升||阳线,行情收盘价上穿5日,未分类,未分类,10
2026-05-19,603105.SH,芯能科技,9.75,0.52%,开,870,205,0万元,0.87,4222.0,4.33亿,48.75万,5.6,6.0,4.0,价升||阳线,行情收盘价上穿5日,未分类,未分类,10
2026-05-19,600056.SH,中国医药,9.98,0.50%,开,330,28,0万元,0.33,4980.0,4.99亿,149.24万,5.6,6.0,4.0,价升||阳线,行情收盘价上穿5日,未分类,未分类,10
2026-05-19,603221.SH,爱丽家居,12.05,0.50%,开,320,252,0万元,0.32,922.0,7636.00万,29.19万,5.6,6.0,4.0,价升||阳线,行情收盘价上穿5日,未分类,未分类,10
2026-05-19,002211.SZ,ST宏达,4.03,0.50%,开,730,478,0万元,0.73,1286.0,3.16亿,17.43万,5.5,6.0,4.0,价升,行情收盘价上穿5日,未分类,未分类,10
2026-05-19,300050.SZ,世纪鼎利,8.06,0.50%,开,3660,536,0万元,3.66,16172.0,19.91亿,43.89万,5.5,6.0,4.0,价升||阳线,行情收盘价上穿5日,未分类,未分类,10
2026-05-19,688111.SH,金山办公,254.45,0.50%,开,610,331,0万元,0.61,71815.0,281.07亿,1179.05万,5.5,6.0,4.0,价升||阳线,行情收盘价上穿5日,未分类,未分类,10
2026-05-19,603136.SH,天目湖,10.14,0.50%,开,410,218,0万元,0.41,1121.0,1.10亿,27.39万,5.5,6.0,4.0,价升||阳线,行情收盘价上穿5日,未分类,未分类,10
2026-05-19,603288.SH,海天味业,36.56,0.49%,开,100,273,0万元,0.1,20393.0,5.55亿,2032.96万,5.5,6.0,4.0,价升||阳线,行情收盘价上穿5日,未分类,未分类,10
2026-05-19,688184.SH,ST帕瓦,14.22,0.49%,开,760,349,0万元,0.76,1067.0,76.03亿,14.29万,5.5,6.0,4.0,价升||阴线,行情收盘价上穿5日,未分类,未分类,10
2026-05-19,688157.SH,松井股份,34.65,0.49%,开,450,341,0万元,0.45,2472.0,71.01亿,54.20万,5.5,6.0,4.0,价升||阳线,行情收盘价上穿5日,未分类,未分类,10
2026-05-19,688084.SH,晶品特装,63.64,0.49%,开,700,325,0万元,0.7,3383.0,52.69亿,48.15万,5.5,6.0,4.0,价升||阳线,行情收盘价上穿5日,未分类,未分类,10
2026-05-19,603043.SH,广州酒家,14.45,0.49%,开,190,177,0万元,0.19,1535.0,1.06亿,81.49万,5.5,6.0,4.0,价升||阳线,行情收盘价上穿5日,未分类,未分类,10
2026-05-19,600081.SH,东风科技,12.46,0.48%,开,1230,36,0万元,1.23,8541.0,6.82亿,68.91万,5.5,6.0,4.0,价升||阳线,行情收盘价上穿5日,未分类,未分类,10
2026-05-19,000069.SZ,华侨城Ａ,2.08,0.48%,开,230,378,0万元,0.23,3342.0,16.09亿,143.49万,5.5,6.0,4.0,价升||阳线,行情收盘价上穿5日,未分类,未分类,10
2026-05-19,603272.SH,*ST联翔,31.25,0.48%,开,1740,267,0万元,1.74,5604.0,1.80亿,32.38万,5.5,6.0,4.0,价升||阳线,行情收盘价上穿5日,未分类,未分类,10
2026-05-19,601022.SH,宁波远洋,8.48,0.47%,开,140,118,0万元,0.14,1611.0,1.89亿,110.97万,5.5,6.0,4.0,价升||阳线,行情收盘价上穿5日,未分类,未分类,10
2026-05-19,000037.SZ,深南电A,10.74,0.47%,开,2590,373,0万元,2.59,9364.0,8.79亿,36.40万,5.5,6.0,4.0,价升||阳线,行情收盘价上穿5日,未分类,未分类,10
2026-05-19,300275.SZ,梅安森,10.76,0.47%,开,960,622,0万元,0.96,2809.0,2.60亿,29.21万,5.5,6.0,4.0,价升||阳线,行情收盘价上穿5日,未分类,未分类,10
2026-05-19,603151.SH,邦基科技,15.08,0.47%,开,490,221,0万元,0.49,1266.0,8364.00万,25.80万,5.5,6.0,4.0,价升||阳线,行情收盘价上穿5日,未分类,未分类,10
2026-05-19,601186.SH,中国铁建,6.53,0.46%,开,390,143,0万元,0.39,29696.0,45.20亿,751.16万,5.5,6.0,4.0,价升||阴线,行情收盘价上穿5日,未分类,未分类,10
2026-05-19,603163.SH,圣晖集成,111.49,0.46%,开,2190,224,0万元,2.19,24287.0,2.19亿,111.49万,5.5,6.0,4.0,价升||阴线,行情收盘价上穿5日,未分类,未分类,10
2026-05-19,600006.SH,东风股份,6.61,0.46%,开,260,2,0万元,0.26,3503.0,5.28亿,132.20万,5.5,6.0,4.0,价升||阳线,行情收盘价上穿5日,未分类,未分类,10
2026-05-19,601139.SH,深圳燃气,6.63,0.45%,开,430,135,0万元,0.43,8149.0,12.27亿,190.73万,5.5,6.0,4.0,价升||阳线,行情收盘价上穿5日,未分类,未分类,10
2026-05-19,300051.SZ,琏升科技,15.48,0.45%,开,3080,537,0万元,3.08,17979.0,11.32亿,56.88万,5.5,6.0,4.0,价升||阳线,行情收盘价上穿5日,未分类,未分类,10
2026-05-19,002293.SZ,罗莱生活,11.11,0.45%,开,370,512,0万元,0.37,3346.0,3.02亿,91.83万,5.5,6.0,4.0,价升||阴线,行情收盘价上穿5日,未分类,未分类,10
2026-05-19,002230.SZ,科大讯飞,48.93,0.45%,开,1170,484,0万元,1.17,126384.0,25.71亿,1071.22万,5.5,6.0,4.0,价升||阳线,行情收盘价上穿5日,未分类,未分类,10
2026-05-19,002091.SZ,江苏国泰,9.0,0.45%,开,580,427,0万元,0.58,8443.0,9.34亿,143.84万,5.5,6.0,4.0,价升||阳线,行情收盘价上穿5日,未分类,未分类,10
2026-05-19,688165.SH,埃夫特-U,20.31,0.45%,开,1190,343,0万元,1.19,12657.0,622.63亿,105.97万,5.5,6.0,4.0,价升||阳线,行情收盘价上穿5日,未分类,未分类,10
2026-05-19,300054.SZ,鼎龙股份,72.97,0.44%,开,2370,539,0万元,2.37,127017.0,17.53亿,538.63万,5.5,6.0,4.0,价升||阳线,行情收盘价上穿5日,未分类,未分类,10
2026-05-19,600169.SH,ST太重,2.34,0.43%,开,130,71,0万元,0.13,1003.0,4.29亿,78.00万,5.5,6.0,4.0,价升||阳线,行情收盘价上穿5日,未分类,未分类,10
2026-05-19,002116.SZ,中国海诚,9.38,0.43%,开,150,436,0万元,0.15,663.0,7046.00万,43.15万,5.5,6.0,4.0,价升||阳线,行情收盘价上穿5日,未分类,未分类,10
2026-05-19,002161.SZ,远 望 谷,7.05,0.43%,开,2009,455,0万元,2.01,10637.0,14.90亿,52.14万,5.5,6.0,4.0,价升||阳线,行情收盘价上穿5日,未分类,未分类,10
2026-05-19,603028.SH,赛福天,9.52,0.42%,开,2500,168,0万元,2.5,6948.0,7.11亿,27.05万,5.5,6.0,4.0,价升||阴线,行情收盘价上穿5日,未分类,未分类,10
2026-05-19,603195.SH,公牛集团,43.03,0.42%,开,140,238,0万元,0.14,10826.0,2.50亿,774.83万,5.5,6.0,4.0,价升||阳线,行情收盘价上穿5日,未分类,未分类,10
2026-05-19,605001.SH,威奥股份,7.2,0.42%,开,420,275,0万元,0.42,1193.0,1.65亿,28.29万,5.5,6.0,4.0,价升||阳线,行情收盘价上穿5日,未分类,未分类,10
2026-05-19,300218.SZ,安利股份,14.42,0.42%,开,670,599,0万元,0.67,2113.0,1.46亿,31.19万,5.5,6.0,4.0,价升||阴线,行情收盘价上穿5日,未分类,未分类,10
2026-05-19,601128.SH,常熟银行,7.22,0.42%,开,350,134,0万元,0.35,8492.0,11.76亿,239.45万,5.5,6.0,4.0,价升||阳线,行情收盘价上穿5日,未分类,未分类,10
2026-05-19,600117.SH,西宁特钢,2.42,0.41%,开,120,50,0万元,0.12,918.0,3.80亿,78.77万,5.5,6.0,4.0,价升||阳线,行情收盘价上穿5日,未分类,未分类,10
2026-05-19,300086.SZ,康芝药业,7.48,0.40%,开,930,555,0万元,0.93,3085.0,4.10亿,32.96万,5.5,6.0,4.0,价升||阴线,行情收盘价上穿5日,未分类,未分类,10
2026-05-19,600128.SH,苏豪弘业,9.98,0.40%,开,550,54,0万元,0.55,1355.0,1.35亿,24.63万,5.5,6.0,4.0,价升||阴线,行情收盘价上穿5日,未分类,未分类,10
2026-05-19,601016.SH,节能风电,5.01,0.40%,开,3250,114,0万元,3.25,97518.0,196.30亿,302.51万,5.5,6.0,4.0,价升||阳线,行情收盘价上穿5日,未分类,未分类,10
2026-05-19,601033.SH,永兴股份,15.04,0.40%,开,410,120,0万元,0.41,1463.0,9731.00万,36.10万,5.5,6.0,4.0,价升||阳线,行情收盘价上穿5日,未分类,未分类,10
2026-05-19,600177.SH,雅戈尔,7.53,0.40%,开,100,72,0万元,0.1,3535.0,4.69亿,339.11万,5.5,6.0,4.0,价升||阳线,行情收盘价上穿5日,未分类,未分类,10
2026-05-19,002200.SZ,*ST交投,7.55,0.40%,开,320,473,0万元,0.32,474.0,6247.00万,14.78万,5.5,6.0,4.0,价升||阴线,行情收盘价上穿5日,未分类,未分类,10
2026-05-19,603053.SH,成都燃气,10.08,0.40%,开,270,181,0万元,0.27,2424.0,2.41亿,89.60万,5.5,6.0,4.0,价升||阳线,行情收盘价上穿5日,未分类,未分类,10
2026-05-19,603238.SH,诺邦股份,15.14,0.40%,开,890,259,0万元,0.89,2393.0,1.57亿,26.87万,5.5,6.0,4.0,价升||阳线,行情收盘价上穿5日,未分类,未分类,10
2026-05-19,002264.SZ,新 华 都,7.63,0.39%,开,920,501,0万元,0.92,4639.0,6.05亿,49.96万,5.5,6.0,4.0,价升||阳线,行情收盘价上穿5日,未分类,未分类,10
2026-05-19,601169.SH,北京银行,5.19,0.39%,开,120,140,0万元,0.12,13288.0,25.64亿,1097.32万,5.5,6.0,4.0,价升||阳线,行情收盘价上穿5日,未分类,未分类,10
2026-05-19,002242.SZ,九阳股份,10.62,0.38%,开,470,489,0万元,0.47,3777.0,3.55亿,80.89万,5.5,6.0,4.0,价升||阳线,行情收盘价上穿5日,未分类,未分类,10
2026-05-19,688175.SH,高凌信息,34.57,0.38%,开,550,346,0万元,0.55,2451.0,70.79亿,44.70万,5.5,6.0,4.0,价升||阳线,行情收盘价上穿5日,未分类,未分类,10
2026-05-19,600036.SH,招商银行,37.61,0.37%,开,130,20,0万元,0.13,99675.0,26.50亿,7758.55万,5.5,6.0,4.0,价升||阳线,行情收盘价上穿5日,未分类,未分类,10
2026-05-19,000008.SZ,神州高铁,2.69,0.37%,开,430,360,0万元,0.43,3171.0,11.76亿,73.07万,5.5,6.0,4.0,价升||阳线,行情收盘价上穿5日,未分类,未分类,10
2026-05-19,600161.SH,天坛生物,13.57,0.37%,开,100,65,0万元,0.1,2611.0,1.92亿,268.33万,5.5,6.0,4.0,价升||阳线,行情收盘价上穿5日,未分类,未分类,10
2026-05-19,601108.SH,财通证券,8.21,0.37%,开,320,131,0万元,0.32,12284.0,14.86亿,381.25万,5.5,6.0,4.0,价升||阳线,行情收盘价上穿5日,未分类,未分类,10
2026-05-19,300235.SZ,方直科技,13.76,0.36%,开,940,603,0万元,0.94,2652.0,1.92亿,27.95万,5.5,6.0,4.0,价升||阳线,行情收盘价上穿5日,未分类,未分类,10
2026-05-19,002139.SZ,拓邦股份,11.11,0.36%,开,820,448,0万元,0.82,9823.0,8.80亿,119.00万,5.5,6.0,4.0,价升||阳线,行情收盘价上穿5日,未分类,未分类,10
2026-05-19,605003.SH,众望布艺,27.8,0.36%,开,340,276,0万元,0.34,1042.0,3718.00万,30.58万,5.5,6.0,4.0,价升||阳线,行情收盘价上穿5日,未分类,未分类,10
2026-05-19,002005.SZ,ST德豪,2.78,0.36%,开,220,388,0万元,0.22,1082.0,3.89亿,48.70万,5.5,6.0,4.0,价升,行情收盘价上穿5日,未分类,未分类,10
2026-05-19,002239.SZ,奥特佳,2.81,0.36%,开,580,488,0万元,0.58,4354.0,15.44亿,75.37万,5.5,6.0,4.0,价升||阳线,行情收盘价上穿5日,未分类,未分类,10
2026-05-19,603176.SH,汇通集团,5.62,0.36%,开,340,229,0万元,0.34,877.0,1.55亿,25.95万,5.5,6.0,4.0,价升||阳线,行情收盘价上穿5日,未分类,未分类,10
2026-05-19,300075.SZ,数字政通,14.09,0.36%,开,970,549,0万元,0.97,7041.0,4.98亿,72.63万,5.5,6.0,4.0,价升||阳线,行情收盘价上穿5日,未分类,未分类,10
2026-05-19,600017.SH,日照港,2.83,0.35%,开,450,8,0万元,0.45,3886.0,13.72亿,87.04万,5.5,6.0,4.0,价升||阳线,行情收盘价上穿5日,未分类,未分类,10
2026-05-19,002027.SZ,分众传媒,5.77,0.35%,开,440,396,0万元,0.44,36576.0,63.14亿,833.31万,5.5,6.0,4.0,价升||阳线,行情收盘价上穿5日,未分类,未分类,10
2026-05-19,601163.SH,三角轮胎,14.5,0.35%,开,180,138,0万元,0.18,2068.0,1.42亿,116.00万,5.5,6.0,4.0,价升||阴线,行情收盘价上穿5日,未分类,未分类,10
2026-05-19,002247.SZ,聚力文化,2.91,0.34%,开,1800,493,0万元,1.8,3395.0,11.56亿,18.73万,5.5,6.0,4.0,价升||阴线,行情收盘价上穿5日,未分类,未分类,10
2026-05-19,603177.SH,德创环保,11.66,0.34%,开,910,230,0万元,0.91,2190.0,1.86亿,23.81万,5.5,6.0,4.0,价升||阴线,行情收盘价上穿5日,未分类,未分类,10
2026-05-19,300025.SZ,华星创业,5.88,0.34%,开,1100,524,0万元,1.1,3276.0,5.58亿,29.79万,5.5,6.0,4.0,价升||阳线,行情收盘价上穿5日,未分类,未分类,10
2026-05-19,603066.SH,音飞储存,11.78,0.34%,开,640,186,0万元,0.64,2215.0,1.88亿,34.65万,5.5,6.0,4.0,价升||阳线,行情收盘价上穿5日,未分类,未分类,10
2026-05-19,002185.SZ,华天科技,14.74,0.34%,开,3760,465,0万元,3.76,180541.0,122.94亿,481.44万,5.5,6.0,4.0,价升||阳线,行情收盘价上穿5日,未分类,未分类,10
2026-05-19,000017.SZ,深中华A,5.9,0.34%,开,470,364,0万元,0.47,1230.0,2.07亿,26.01万,5.5,6.0,4.0,价升||阳线,行情收盘价上穿5日,未分类,未分类,10
2026-05-19,600280.SH,中央商场,3.02,0.33%,开,330,106,0万元,0.33,1124.0,3.71亿,34.08万,5.5,6.0,4.0,价升||阳线,行情收盘价上穿5日,未分类,未分类,10
2026-05-19,603282.SH,亚光股份,18.17,0.33%,开,380,269,0万元,0.38,918.0,5026.00万,24.32万,5.5,6.0,4.0,价升||阳线,行情收盘价上穿5日,未分类,未分类,10
2026-05-19,300041.SZ,回天新材,12.16,0.33%,开,2320,531,0万元,2.32,15477.0,12.60亿,66.16万,5.5,6.0,4.0,价升||阳线,行情收盘价上穿5日,未分类,未分类,10
2026-05-19,688120.SH,华海清科,273.89,0.33%,开,1180,334,0万元,1.18,112378.0,418.58亿,968.62万,5.5,6.0,4.0,价升||阳线,行情收盘价上穿5日,未分类,未分类,10
2026-05-19,605008.SH,长鸿高科,12.45,0.32%,开,250,278,0万元,0.25,2027.0,1.63亿,80.42万,5.5,6.0,4.0,价升||阴线,行情收盘价上穿5日,未分类,未分类,10
2026-05-19,601222.SH,林洋能源,6.24,0.32%,开,460,148,0万元,0.46,5891.0,9.41亿,127.37万,5.5,6.0,4.0,价升||阳线,行情收盘价上穿5日,未分类,未分类,10
2026-05-19,002129.SZ,TCL中环,9.39,0.32%,开,1410,442,0万元,1.41,53453.0,56.86亿,379.34万,5.5,6.0,4.0,价升||阳线,行情收盘价上穿5日,未分类,未分类,10
2026-05-19,002038.SZ,双鹭药业,6.27,0.32%,开,1120,404,0万元,1.12,6021.0,9.56亿,53.41万,5.5,6.0,4.0,价升||阳线,行情收盘价上穿5日,未分类,未分类,10
2026-05-19,300149.SZ,睿智医药,9.43,0.32%,开,750,576,0万元,0.75,3364.0,3.55亿,44.75万,5.5,6.0,4.0,价升||阳线,行情收盘价上穿5日,未分类,未分类,10
2026-05-19,300171.SZ,东富龙,12.61,0.32%,开,530,586,0万元,0.53,3757.0,2.96亿,70.95万,5.5,6.0,4.0,价升||阳线,行情收盘价上穿5日,未分类,未分类,10
2026-05-19,603232.SH,格尔软件,19.23,0.31%,开,950,257,0万元,0.95,4264.0,2.21亿,44.48万,5.5,6.0,4.0,价升||阳线,行情收盘价上穿5日,未分类,未分类,10
2026-05-19,600009.SH,上海机场,25.65,0.31%,开,160,4,0万元,0.16,8570.0,3.34亿,524.87万,5.5,6.0,4.0,价升||阳线,行情收盘价上穿5日,未分类,未分类,10
2026-05-19,601116.SH,三江购物,13.03,0.31%,开,830,133,0万元,0.83,5947.0,4.54亿,71.36万,5.5,6.0,4.0,价升||阳线,行情收盘价上穿5日,未分类,未分类,10
2026-05-19,300026.SZ,红日药业,3.32,0.30%,开,270,525,0万元,0.27,2738.0,8.23亿,99.64万,5.5,6.0,4.0,价升||阳线,行情收盘价上穿5日,未分类,未分类,10
2026-05-19,688139.SH,海尔生物,33.35,0.30%,开,500,337,0万元,0.5,5298.0,157.45亿,105.55万,5.5,6.0,4.0,价升||阳线,行情收盘价上穿5日,未分类,未分类,10
2026-05-19,603021.SH,*ST华鹏,6.69,0.30%,开,870,164,0万元,0.87,1854.0,2.78亿,21.40万,5.5,6.0,4.0,价升||阳线,行情收盘价上穿5日,未分类,未分类,10
2026-05-19,688078.SH,龙软科技,26.88,0.30%,开,430,321,0万元,0.43,846.0,31.40亿,19.59万,5.5,6.0,4.0,价升||阳线,行情收盘价上穿5日,未分类,未分类,10
2026-05-19,600248.SH,陕建股份,3.37,0.30%,开,90,93,0万元,0.09,1105.0,3.27亿,124.88万,5.5,6.0,4.0,价升||阳线,行情收盘价上穿5日,未分类,未分类,10
2026-05-19,300248.SZ,新开普,10.25,0.29%,开,2590,611,0万元,2.59,10919.0,10.61亿,41.93万,5.5,6.0,4.0,价升||阳线,行情收盘价上穿5日,未分类,未分类,10
2026-05-19,300020.SZ,ST银江,3.44,0.29%,开,730,522,0万元,0.73,1945.0,5.58亿,26.37万,5.5,6.0,4.0,价升||阴线,行情收盘价上穿5日,未分类,未分类,10
2026-05-19,603071.SH,物产环能,13.82,0.29%,开,110,189,0万元,0.11,822.0,5943.00万,77.11万,5.5,6.0,4.0,价升||阳线,行情收盘价上穿5日,未分类,未分类,10
2026-05-19,600278.SH,东方创业,7.04,0.28%,开,270,104,0万元,0.27,1640.0,2.32亿,60.58万,5.5,6.0,4.0,价升||阳线,行情收盘价上穿5日,未分类,未分类,10
2026-05-19,603208.SH,江山欧派,14.08,0.28%,开,310,244,0万元,0.31,779.0,5538.00万,24.76万,5.5,6.0,4.0,价升||阳线,行情收盘价上穿5日,未分类,未分类,10
2026-05-19,601099.SH,太平洋,3.58,0.28%,开,480,129,0万元,0.48,11613.0,32.38亿,244.02万,5.5,6.0,4.0,价升,行情收盘价上穿5日,未分类,未分类,10
2026-05-19,603122.SH,合富中国,14.35,0.28%,开,1260,214,0万元,1.26,7261.0,5.03亿,57.12万,5.5,6.0,4.0,价升||阳线,行情收盘价上穿5日,未分类,未分类,10
2026-05-19,000001.SZ,平安银行,10.89,0.28%,开,130,357,0万元,0.13,28035.0,25.74亿,2113.27万,5.5,6.0,4.0,价升||阳线,行情收盘价上穿5日,未分类,未分类,10
2026-05-19,300042.SZ,朗科科技,72.9,0.28%,开,12950,532,0万元,12.95,190394.0,25.95亿,146.08万,5.5,6.0,4.0,价升||阳线,行情收盘价上穿5日,未分类,未分类,10
2026-05-19,600129.SH,太极集团,14.61,0.27%,开,480,55,0万元,0.48,3879.0,2.65亿,80.56万,5.5,6.0,4.0,价升||阳线,行情收盘价上穿5日,未分类,未分类,10
2026-05-19,300056.SZ,中创环保,11.14,0.27%,开,1470,540,0万元,1.47,6287.0,5.65亿,42.91万,5.5,6.0,4.0,价升||阳线,行情收盘价上穿5日,未分类,未分类,10
2026-05-19,000012.SZ,南  玻Ａ,3.72,0.27%,开,280,362,0万元,0.28,2016.0,5.41亿,72.89万,5.5,6.0,4.0,价升||阳线,行情收盘价上穿5日,未分类,未分类,10
2026-05-19,002060.SZ,广东建工,3.73,0.27%,开,540,415,0万元,0.54,3129.0,8.41亿,58.29万,5.5,6.0,4.0,价升||阳线,行情收盘价上穿5日,未分类,未分类,10
2026-05-19,300070.SZ,碧水源,3.74,0.27%,开,300,546,0万元,0.3,3926.0,10.48亿,128.46万,5.5,6.0,4.0,价升||阳线,行情收盘价上穿5日,未分类,未分类,10
2026-05-19,002061.SZ,浙江交科,3.75,0.27%,开,140,416,0万元,0.14,1398.0,3.73亿,97.47万,5.5,6.0,4.0,价升||阳线,行情收盘价上穿5日,未分类,未分类,10
2026-05-19,002090.SZ,金智科技,11.27,0.27%,开,840,426,0万元,0.84,3764.0,3.33亿,44.52万,5.5,6.0,4.0,价升||阳线,行情收盘价上穿5日,未分类,未分类,10
2026-05-19,002152.SZ,广电运通,11.49,0.26%,开,410,454,0万元,0.41,11874.0,10.28亿,285.20万,5.5,6.0,4.0,价升||阳线,行情收盘价上穿5日,未分类,未分类,10
2026-05-19,002251.SZ,步步高,3.84,0.26%,开,960,496,0万元,0.96,7963.0,20.61亿,82.65万,5.5,6.0,4.0,价升,行情收盘价上穿5日,未分类,未分类,10
2026-05-19,000011.SZ,深物业A,7.84,0.26%,开,390,361,0万元,0.39,1599.0,2.03亿,41.28万,5.5,6.0,4.0,价升||阳线,行情收盘价上穿5日,未分类,未分类,10
2026-05-19,603210.SH,泰鸿万立,15.69,0.26%,开,330,245,0万元,0.33,1196.0,7615.00万,36.51万,5.5,6.0,4.0,价升||阳线,行情收盘价上穿5日,未分类,未分类,10
2026-05-19,605050.SH,福然德,11.94,0.25%,开,160,282,0万元,0.16,919.0,7687.00万,58.84万,5.5,6.0,4.0,价升||阳线,行情收盘价上穿5日,未分类,未分类,10
2026-05-19,601065.SH,江盐集团,7.98,0.25%,开,170,123,0万元,0.17,849.0,1.06亿,51.29万,5.5,6.0,4.0,价升||阳线,行情收盘价上穿5日,未分类,未分类,10
2026-05-19,605179.SH,一鸣食品,16.01,0.25%,开,150,296,0万元,0.15,976.0,6069.00万,64.20万,5.5,6.0,4.0,价升||阳线,行情收盘价上穿5日,未分类,未分类,10
2026-05-19,600196.SH,复星医药,24.12,0.25%,开,200,80,0万元,0.2,10201.0,4.22亿,510.98万,5.5,6.0,4.0,价升||阳线,行情收盘价上穿5日,未分类,未分类,10
2026-05-19,603101.SH,汇嘉时代,8.06,0.25%,开,890,202,0万元,0.89,3363.0,4.16亿,37.91万,5.5,6.0,4.0,价升||阳线,行情收盘价上穿5日,未分类,未分类,10
2026-05-19,600132.SH,重庆啤酒,52.85,0.25%,开,290,57,0万元,0.29,7511.0,1.42亿,255.78万,5.5,6.0,4.0,价升||阳线,行情收盘价上穿5日,未分类,未分类,10
2026-05-19,600138.SH,中青旅,8.41,0.24%,开,290,59,0万元,0.29,1741.0,2.07亿,60.87万,5.5,6.0,4.0,价升||阳线,行情收盘价上穿5日,未分类,未分类,10
2026-05-19,002162.SZ,悦心健康,4.21,0.24%,开,390,456,0万元,0.39,1524.0,3.60亿,38.67万,5.5,6.0,4.0,价升||阴线,行情收盘价上穿5日,未分类,未分类,10
2026-05-19,000099.SZ,中信海直,16.91,0.24%,开,270,380,0万元,0.27,3496.0,2.06亿,131.18万,5.5,6.0,4.0,价升||阳线,行情收盘价上穿5日,未分类,未分类,10
2026-05-19,601179.SH,中国西电,17.16,0.23%,开,1080,142,0万元,1.08,94656.0,55.28亿,879.60万,5.5,6.0,4.0,价升||阴线,行情收盘价上穿5日,未分类,未分类,10
2026-05-19,300177.SZ,中海达,8.6,0.23%,开,810,588,0万元,0.81,4264.0,4.92亿,52.14万,5.5,6.0,4.0,价升,行情收盘价上穿5日,未分类,未分类,10
2026-05-19,600179.SH,安通控股,4.37,0.23%,开,530,74,0万元,0.53,8911.0,20.49亿,168.78万,5.5,6.0,4.0,价升||阳线,行情收盘价上穿5日,未分类,未分类,10
2026-05-19,002058.SZ,*ST威尔,26.32,0.23%,开,600,413,0万元,0.6,2272.0,8640.00万,37.67万,5.5,6.0,4.0,价升||阳线,行情收盘价上穿5日,未分类,未分类,10
2026-05-19,601026.SH,道生天合,17.73,0.23%,开,1080,119,0万元,1.08,2131.0,1.20亿,19.70万,5.5,6.0,4.0,价升||阴线,行情收盘价上穿5日,未分类,未分类,10
2026-05-19,603213.SH,镇洋发展,13.51,0.22%,开,150,247,0万元,0.15,886.0,6567.00万,59.71万,5.5,6.0,4.0,价升||阴线,行情收盘价上穿5日,未分类,未分类,10
2026-05-19,600258.SH,首旅酒店,13.57,0.22%,开,410,97,0万元,0.41,6240.0,4.59亿,151.52万,5.5,6.0,4.0,价升||阳线,行情收盘价上穿5日,未分类,未分类,10
2026-05-19,002144.SZ,宏达高科,13.61,0.22%,开,1190,451,0万元,1.19,2252.0,1.64亿,18.73万,5.5,6.0,4.0,价升||阴线,行情收盘价上穿5日,未分类,未分类,10
2026-05-19,002059.SZ,云南旅游,4.6,0.22%,开,210,414,0万元,0.21,961.0,2.09亿,45.22万,5.5,6.0,4.0,价升||阳线,行情收盘价上穿5日,未分类,未分类,10
2026-05-19,603137.SH,恒尚节能,13.88,0.22%,开,370,219,0万元,0.37,947.0,6817.00万,25.39万,5.5,6.0,4.0,价升||阳线,行情收盘价上穿5日,未分类,未分类,10
2026-05-19,300287.SZ,飞利信,4.63,0.22%,开,1340,628,0万元,1.34,8252.0,17.71亿,61.04万,5.5,6.0,4.0,价升||阳线,行情收盘价上穿5日,未分类,未分类,10
2026-05-19,002214.SZ,*ST大立,18.68,0.21%,开,280,480,0万元,0.28,2527.0,1.36亿,89.37万,5.5,6.0,4.0,价升||阴线,行情收盘价上穿5日,未分类,未分类,10
2026-05-19,603193.SH,润本股份,23.56,0.21%,开,810,237,0万元,0.81,1978.0,8361.00万,24.35万,5.5,6.0,4.0,价升||阳线,行情收盘价上穿5日,未分类,未分类,10
2026-05-19,601008.SH,连云港,4.75,0.21%,开,220,112,0万元,0.22,1285.0,2.69亿,58.93万,5.5,6.0,4.0,价升,行情收盘价上穿5日,未分类,未分类,10
2026-05-19,605089.SH,味知香,23.77,0.21%,开,220,286,0万元,0.22,712.0,2978.00万,32.80万,5.5,6.0,4.0,价升||阳线,行情收盘价上穿5日,未分类,未分类,10
2026-05-19,605259.SH,绿田机械,19.06,0.21%,开,370,299,0万元,0.37,1221.0,6390.00万,32.87万,5.5,6.0,4.0,价升||阳线,行情收盘价上穿5日,未分类,未分类,10
2026-05-19,002016.SZ,世荣兆业,5.0,0.20%,开,310,392,0万元,0.31,1266.0,2.52亿,40.45万,5.5,6.0,4.0,价升||阳线,行情收盘价上穿5日,未分类,未分类,10
2026-05-19,300146.SZ,汤臣倍健,10.08,0.20%,开,310,574,0万元,0.31,3507.0,3.46亿,112.97万,5.5,6.0,4.0,价升||阴线,行情收盘价上穿5日,未分类,未分类,10
2026-05-19,300160.SZ,秀强股份,5.08,0.20%,开,240,581,0万元,0.24,944.0,1.85亿,38.72万,5.5,6.0,4.0,价升||阳线,行情收盘价上穿5日,未分类,未分类,10
2026-05-19,300155.SZ,安居宝,5.21,0.19%,开,990,579,0万元,0.99,1707.0,3.25亿,17.16万,5.5,6.0,4.0,价升||阳线,行情收盘价上穿5日,未分类,未分类,10
2026-05-19,600066.SH,宇通客车,31.77,0.19%,开,190,32,0万元,0.19,13238.0,4.17亿,703.37万,5.5,6.0,4.0,价升||阳线,行情收盘价上穿5日,未分类,未分类,10
2026-05-19,002252.SZ,上海莱士,5.41,0.19%,开,100,497,0万元,0.1,3502.0,6.46亿,358.89万,5.5,6.0,4.0,价升||阳线,行情收盘价上穿5日,未分类,未分类,10
2026-05-19,600078.SH,澄星股份,16.25,0.18%,开,3610,34,0万元,3.61,39093.0,23.89亿,107.67万,5.5,6.0,4.0,价升||阳线,行情收盘价上穿5日,未分类,未分类,10
2026-05-19,603025.SH,大豪科技,16.38,0.18%,开,450,166,0万元,0.45,8217.0,4.98亿,181.68万,5.5,6.0,4.0,价升||阳线,行情收盘价上穿5日,未分类,未分类,10
2026-05-19,300043.SZ,星辉娱乐,5.49,0.18%,开,1090,533,0万元,1.09,7452.0,13.51亿,68.27万,5.5,6.0,4.0,价升||阳线,行情收盘价上穿5日,未分类,未分类,10
2026-05-19,300039.SZ,上海凯宝,5.57,0.18%,开,230,529,0万元,0.23,1200.0,2.15亿,51.07万,5.5,6.0,4.0,价升||阳线,行情收盘价上穿5日,未分类,未分类,10
2026-05-19,002035.SZ,华帝股份,5.58,0.18%,开,320,401,0万元,0.32,1398.0,2.50亿,43.64万,5.5,6.0,4.0,价升||阳线,行情收盘价上穿5日,未分类,未分类,10
2026-05-19,002014.SZ,永新股份,11.35,0.18%,开,170,390,0万元,0.17,1140.0,1.01亿,68.41万,5.5,6.0,4.0,价升||阳线,行情收盘价上穿5日,未分类,未分类,10
2026-05-19,600287.SH,苏豪时尚,5.69,0.18%,开,310,109,0万元,0.31,765.0,1.34亿,24.85万,5.5,6.0,4.0,价升||阳线,行情收盘价上穿5日,未分类,未分类,10
2026-05-19,605268.SH,王力安防,11.46,0.17%,开,480,301,0万元,0.48,2425.0,2.12亿,50.49万,5.5,6.0,4.0,价升||阴线,行情收盘价上穿5日,未分类,未分类,10
2026-05-19,002187.SZ,广百股份,5.84,0.17%,开,550,467,0万元,0.55,2255.0,3.84亿,40.93万,5.5,6.0,4.0,价升||阳线,行情收盘价上穿5日,未分类,未分类,10
2026-05-19,600106.SH,重庆路桥,5.88,0.17%,开,340,46,0万元,0.34,2690.0,4.58亿,78.15万,5.5,6.0,4.0,价升||阳线,行情收盘价上穿5日,未分类,未分类,10
2026-05-19,600079.SH,ST人福,17.95,0.17%,开,170,35,0万元,0.17,4731.0,2.63亿,277.00万,5.5,6.0,4.0,价升||阳线,行情收盘价上穿5日,未分类,未分类,10
2026-05-19,603092.SH,德力佳,75.22,0.16%,开,2800,197,0万元,2.8,7355.0,9696.00万,26.00万,5.5,6.0,4.0,价升||阳线,行情收盘价上穿5日,未分类,未分类,10
2026-05-19,601238.SH,广汽集团,6.44,0.16%,开,90,152,0万元,0.09,4167.0,6.45亿,475.51万,5.5,6.0,4.0,价升||阳线,行情收盘价上穿5日,未分类,未分类,10
2026-05-19,603035.SH,常熟汽饰,12.96,0.15%,开,340,172,0万元,0.34,1608.0,1.24亿,47.48万,5.5,6.0,4.0,价升||阴线,行情收盘价上穿5日,未分类,未分类,10
2026-05-19,600228.SH,*ST返利,6.54,0.15%,开,310,86,0万元,0.31,839.0,1.28亿,27.21万,5.5,6.0,4.0,价升||阳线,行情收盘价上穿5日,未分类,未分类,10
2026-05-19,300176.SZ,鸿特科技,6.65,0.15%,开,960,587,0万元,0.96,2494.0,3.72亿,25.75万,5.5,6.0,4.0,价升||阴线,行情收盘价上穿5日,未分类,未分类,10
2026-05-19,603262.SH,技源集团,26.6,0.15%,开,1910,264,0万元,1.91,2042.0,7655.00万,10.64万,5.5,6.0,4.0,价升||阴线,行情收盘价上穿5日,未分类,未分类,10
2026-05-19,002209.SZ,达 意 隆,13.61,0.15%,开,1390,477,0万元,1.39,2975.0,2.17亿,21.27万,5.5,6.0,4.0,价升||阳线,行情收盘价上穿5日,未分类,未分类,10
2026-05-19,688118.SH,普元信息,27.37,0.15%,开,920,333,0万元,0.92,2372.0,86.04亿,25.54万,5.5,6.0,4.0,价升||阳线,行情收盘价上穿5日,未分类,未分类,10
2026-05-19,300270.SZ,中威电子,13.95,0.14%,开,1440,618,0万元,1.44,5285.0,3.77亿,36.40万,5.5,6.0,4.0,价升||阴线,行情收盘价上穿5日,未分类,未分类,10
2026-05-19,002223.SZ,鱼跃医疗,28.12,0.14%,开,350,482,0万元,0.35,9436.0,3.34亿,264.97万,5.5,6.0,4.0,价升||阳线,行情收盘价上穿5日,未分类,未分类,10
2026-05-19,300011.SZ,鼎汉技术,7.05,0.14%,开,420,519,0万元,0.42,1496.0,2.11亿,35.76万,5.5,6.0,4.0,价升||阳线,行情收盘价上穿5日,未分类,未分类,10
2026-05-19,603107.SH,上海汽配,14.36,0.14%,开,260,207,0万元,0.26,815.0,5652.00万,31.33万,5.5,6.0,4.0,价升||阳线,行情收盘价上穿5日,未分类,未分类,10
2026-05-19,601007.SH,金陵饭店,7.29,0.14%,开,560,111,0万元,0.56,1601.0,2.19亿,28.43万,5.5,6.0,4.0,价升||阳线,行情收盘价上穿5日,未分类,未分类,10
2026-05-19,605122.SH,四方新材,14.66,0.14%,开,560,290,0万元,0.56,1422.0,9706.00万,25.27万,5.5,6.0,4.0,价升||阴线,行情收盘价上穿5日,未分类,未分类,10
2026-05-19,600098.SH,广州发展,7.47,0.13%,开,430,41,0万元,0.43,11159.0,14.97亿,261.89万,5.5,6.0,4.0,价升||阳线,行情收盘价上穿5日,未分类,未分类,10
2026-05-19,300290.SZ,荣科科技,15.58,0.13%,开,1220,630,0万元,1.22,12222.0,7.80亿,99.64万,5.5,6.0,4.0,价升||阳线,行情收盘价上穿5日,未分类,未分类,10
2026-05-19,600273.SH,嘉化能源,7.83,0.13%,开,310,103,0万元,0.31,3216.0,4.09亿,102.68万,5.5,6.0,4.0,价升,行情收盘价上穿5日,未分类,未分类,10
2026-05-19,601200.SH,上海环境,7.93,0.13%,开,170,147,0万元,0.17,1849.0,2.33亿,106.76万,5.5,6.0,4.0,价升||阳线,行情收盘价上穿5日,未分类,未分类,10
2026-05-19,605158.SH,华达新材,8.06,0.12%,开,1730,292,0万元,1.73,7334.0,8.86亿,41.22万,5.5,6.0,4.0,价升||阴线,行情收盘价上穿5日,未分类,未分类,10
2026-05-19,603273.SH,天元智能,17.36,0.12%,开,980,268,0万元,0.98,963.0,5499.00万,9.73万,5.5,6.0,4.0,价升||阴线,行情收盘价上穿5日,未分类,未分类,10
2026-05-19,600192.SH,长城电工,8.69,0.12%,开,780,78,0万元,0.78,3017.0,3.46亿,38.39万,5.5,6.0,4.0,价升||阴线,行情收盘价上穿5日,未分类,未分类,10
2026-05-19,002166.SZ,莱茵生物,8.73,0.11%,开,520,458,0万元,0.52,3372.0,3.83亿,64.48万,5.5,6.0,4.0,价升||阳线,行情收盘价上穿5日,未分类,未分类,10
2026-05-19,600283.SH,钱江水利,9.11,0.11%,开,270,107,0万元,0.27,1315.0,1.45亿,49.57万,5.5,6.0,4.0,价升||阳线,行情收盘价上穿5日,未分类,未分类,10
2026-05-19,300133.SZ,华策影视,9.67,0.10%,开,4290,569,0万元,4.29,70029.0,71.86亿,162.11万,5.5,6.0,4.0,价升||阳线,行情收盘价上穿5日,未分类,未分类,10
2026-05-19,600178.SH,东安动力,10.11,0.10%,开,190,73,0万元,0.19,883.0,8724.00万,47.16万,5.5,6.0,4.0,价升||阳线,行情收盘价上穿5日,未分类,未分类,10
2026-05-19,002040.SZ,南 京 港,10.27,0.10%,开,910,406,0万元,0.91,4555.0,4.40亿,49.92万,5.5,6.0,4.0,价升||阳线,行情收盘价上穿5日,未分类,未分类,10
2026-05-19,002068.SZ,黑猫股份,10.35,0.10%,开,2770,420,0万元,2.77,21213.0,20.33亿,76.07万,5.5,6.0,4.0,价升||阳线,行情收盘价上穿5日,未分类,未分类,10
2026-05-19,600026.SH,中远海能,21.5,0.09%,开,550,15,0万元,0.55,46306.0,21.21亿,821.73万,5.5,6.0,4.0,价升||阴线,行情收盘价上穿5日,未分类,未分类,10
2026-05-19,605162.SH,新中港,11.02,0.09%,开,950,293,0万元,0.95,4336.0,3.94亿,45.78万,5.5,6.0,4.0,价升||阳线,行情收盘价上穿5日,未分类,未分类,10
2026-05-19,603089.SH,正裕工业,11.34,0.09%,开,270,196,0万元,0.27,730.0,6402.00万,27.22万,5.5,6.0,4.0,价升||阴线,行情收盘价上穿5日,未分类,未分类,10
2026-05-19,603131.SH,上海沪工,23.17,0.09%,开,1590,217,0万元,1.59,12455.0,5.36亿,78.06万,5.5,6.0,4.0,价升||阴线,行情收盘价上穿5日,未分类,未分类,10
2026-05-19,688198.SH,佰仁医疗,94.25,0.08%,开,70,356,0万元,0.07,854.0,9.03亿,129.83万,5.5,6.0,4.0,价升||阴线,行情收盘价上穿5日,未分类,未分类,10
2026-05-19,600104.SH,上汽集团,12.66,0.08%,开,110,45,0万元,0.11,16801.0,13.22亿,1455.30万,5.5,6.0,4.0,价升||阴线,行情收盘价上穿5日,未分类,未分类,10
2026-05-19,605016.SH,百龙创园,26.42,0.08%,开,300,280,0万元,0.3,3370.0,1.26亿,110.97万,5.5,6.0,4.0,价升||阳线,行情收盘价上穿5日,未分类,未分类,10
2026-05-19,603098.SH,森特股份,13.29,0.08%,开,410,199,0万元,0.41,2961.0,2.21亿,71.61万,5.5,6.0,4.0,价升||阴线,行情收盘价上穿5日,未分类,未分类,10
2026-05-19,603031.SH,安孚科技,54.93,0.07%,开,4420,171,0万元,4.42,75974.0,13.88亿,172.69万,5.5,6.0,4.0,价升||阳线,行情收盘价上穿5日,未分类,未分类,10
2026-05-19,688067.SH,爱威科技,28.18,0.07%,开,440,318,0万元,0.44,857.0,30.24亿,19.16万,5.5,6.0,4.0,价升||阳线,行情收盘价上穿5日,未分类,未分类,10
2026-05-19,000158.SZ,常山北明,16.59,0.06%,开,530,383,0万元,0.53,14126.0,8.49亿,263.43万,5.5,6.0,4.0,价升||阳线,行情收盘价上穿5日,未分类,未分类,10
2026-05-19,688038.SH,中科通达,20.57,0.05%,开,680,312,0万元,0.68,1626.0,78.67亿,23.94万,5.5,6.0,4.0,价升||阳线,行情收盘价上穿5日,未分类,未分类,10
2026-05-19,688082.SH,盛美上海,185.26,0.04%,开,1050,324,0万元,1.05,92307.0,500.47亿,884.46万,5.5,6.0,4.0,价升||阳线,行情收盘价上穿5日,未分类,未分类,10
2026-05-19,603259.SH,药明康德,102.09,0.04%,开,460,263,0万元,0.46,117285.0,11.42亿,2524.97万,5.5,6.0,4.0,价升||阳线,行情收盘价上穿5日,未分类,未分类,10
2026-05-19,600085.SH,同仁堂,26.31,0.04%,开,110,38,0万元,0.11,4047.0,1.54亿,360.83万,5.5,6.0,4.0,价升||阳线,行情收盘价上穿5日,未分类,未分类,10
2026-05-19,300102.SZ,乾照光电,28.27,0.04%,开,1980,559,0万元,1.98,51895.0,18.09亿,258.93万,5.5,6.0,4.0,价升||阴线,行情收盘价上穿5日,未分类,未分类,10
2026-05-19,002048.SZ,宁波华翔,29.19,0.03%,开,1870,410,0万元,1.87,39320.0,13.25亿,207.19万,5.5,6.0,4.0,价升||阴线,行情收盘价上穿5日,未分类,未分类,10
2026-05-19,688058.SH,宝兰德,29.73,0.03%,开,570,316,0万元,0.57,1296.0,43.22亿,22.55万,5.5,6.0,4.0,价升||阳线,行情收盘价上穿5日,未分类,未分类,10
2026-05-19,688053.SH,ST思科瑞,40.26,0.02%,开,370,315,0万元,0.37,1503.0,37.05亿,40.26万,5.5,6.0,4.0,价升||阴线,行情收盘价上穿5日,未分类,未分类,10
