日期,代码,名称,收盘价,涨跌幅,开盘价,最高价,最低价,趋势,热度,热度排名,大单净额,量比,换手率,成交额,总市值,诊股综合评分,技术面评分,资金面评分,技术形态,买入信号,同花顺行业,最相关概念,所属概念数量
2026-05-19,688182.SH,灿勤科技,43.84,20.010949904188344,39.2,43.84,39.2,开,0,0,0,0,49016.0,1132.25亿,175.36万,0,0,0,价升||阳线,行情收盘价上穿5日,未分类,未分类,0
2026-05-19,300212.SZ,*ST易录,8.26,14.40443213296399,7.58,8.36,7.47,开,0,0,0,0,51103.0,64.58亿,57.70万,0,0,0,价升||阳线,行情收盘价上穿5日,未分类,未分类,0
2026-05-19,688039.SH,当虹科技,51.69,11.137389808643302,46.9,53.0,46.6,开,0,0,0,0,27455.0,548.78亿,57.17万,0,0,0,价升||阳线,行情收盘价上穿5日,未分类,未分类,0
2026-05-19,002178.SZ,延华智能,6.14,10.035842293906803,5.58,6.14,5.57,开,0,0,0,0,14796.0,24.32亿,43.70万,0,0,0,价升||阳线,行情收盘价上穿5日,未分类,未分类,0
2026-05-19,605218.SH,伟时电子,21.29,10.02583979328164,19.35,21.29,19.35,开,0,0,0,0,20675.0,9.98亿,45.31万,0,0,0,价升||阳线,行情收盘价上穿5日,未分类,未分类,0
2026-05-19,600021.SH,上海电力,18.45,10.017889087656528,16.8,18.45,16.56,开,0,0,0,0,107560.0,60.18亿,520.52万,0,0,0,价升||阳线,行情收盘价上穿5日,未分类,未分类,0
2026-05-19,002135.SZ,东南网架,8.9,10.012360939431403,8.1,8.9,8.01,开,0,0,0,0,23596.0,27.41亿,92.90万,0,0,0,价升||阳线,行情收盘价上穿5日,未分类,未分类,0
2026-05-19,002173.SZ,创新医疗,25.39,10.008665511265175,24.42,25.39,24.2,开,0,0,0,0,61527.0,24.52亿,106.86万,0,0,0,价升||阳线,行情收盘价上穿5日,未分类,未分类,0
2026-05-19,002067.SZ,景兴纸业,5.28,10.000000000000009,5.28,5.28,5.21,开,0,0,0,0,40044.0,75.85亿,70.63万,0,0,0,价升,行情收盘价上穿5日,未分类,未分类,0
2026-05-19,603178.SH,圣龙股份,23.76,10.0,21.7,23.76,21.4,开,0,0,0,0,52738.0,22.92亿,56.17万,0,0,0,价升||阳线,行情收盘价上穿5日,未分类,未分类,0
2026-05-19,002272.SZ,川润股份,22.67,9.995147986414374,20.75,22.67,20.65,开,0,0,0,0,143646.0,65.20亿,92.52万,0,0,0,价升||阳线,行情收盘价上穿5日,未分类,未分类,0
2026-05-19,603082.SH,北自科技,51.18,9.993552546744034,51.18,51.18,51.17,开,0,0,0,0,25084.0,4.90亿,20.76万,0,0,0,价升,行情收盘价上穿5日,未分类,未分类,0
2026-05-19,002150.SZ,正泰电源,32.7,9.989909182643803,29.95,32.7,29.86,开,0,0,0,0,45758.0,14.27亿,117.24万,0,0,0,价升||阳线,行情收盘价上穿5日,未分类,未分类,0
2026-05-19,603206.SH,嘉环科技,21.03,9.989539748953975,19.36,21.03,19.31,开,0,0,0,0,31263.0,15.41亿,64.18万,0,0,0,价升||阳线,行情收盘价上穿5日,未分类,未分类,0
2026-05-19,300166.SZ,东方国信,21.42,9.846153846153854,20.01,21.51,19.66,开,0,0,0,0,282841.0,136.29亿,194.01万,0,0,0,价升||阳线,行情收盘价上穿5日,未分类,未分类,0
2026-05-19,300163.SZ,先锋新材,5.59,9.607843137254907,5.13,5.7,5.13,开,0,0,0,0,34592.0,62.87亿,25.52万,0,0,0,价升||阳线,行情收盘价上穿5日,未分类,未分类,0
2026-05-19,300152.SZ,*ST动力,1.66,8.496732026143784,1.54,1.67,1.53,开,0,0,0,0,4124.0,25.38亿,11.83万,0,0,0,价升||阳线,行情收盘价上穿5日,未分类,未分类,0
2026-05-19,600186.SH,莲花控股,11.33,7.802093244529022,10.59,11.55,10.11,开,0,0,0,0,237161.0,215.10亿,201.71万,0,0,0,价升||阳线,行情收盘价上穿5日,未分类,未分类,0
2026-05-19,002208.SZ,合肥城建,24.5,7.267950963222418,23.5,25.12,23.2,开,0,0,0,0,379002.0,154.71亿,196.75万,0,0,0,价升||阳线,行情收盘价上穿5日,未分类,未分类,0
2026-05-19,002131.SZ,利欧股份,7.37,6.811594202898546,6.82,7.59,6.74,开,0,0,0,0,595828.0,805.55亿,431.50万,0,0,0,价升||阳线,行情收盘价上穿5日,未分类,未分类,0
2026-05-19,002196.SZ,方正电机,17.25,6.745049504950494,16.24,17.77,15.96,开,0,0,0,0,136921.0,82.29亿,84.25万,0,0,0,价升||阳线,行情收盘价上穿5日,未分类,未分类,0
2026-05-19,002169.SZ,智光电气,15.97,6.254158349966741,15.07,16.3,14.96,开,0,0,0,0,61127.0,38.39亿,121.16万,0,0,0,价升||阳线,行情收盘价上穿5日,未分类,未分类,0
2026-05-19,300010.SZ,ST豆神,2.92,6.181818181818179,2.73,2.94,2.73,开,0,0,0,0,15974.0,55.58亿,48.57万,0,0,0,价升||阳线,行情收盘价上穿5日,未分类,未分类,0
2026-05-19,688190.SH,云路股份,97.84,5.887445887445884,97.37,99.58,94.08,开,0,0,0,0,22694.0,234.79亿,117.41万,0,0,0,价升||阳线,行情收盘价上穿5日,未分类,未分类,0
2026-05-19,603067.SH,振华股份,41.4,5.693132499361749,39.98,42.96,39.98,开,0,0,0,0,127702.0,30.82亿,312.79万,0,0,0,价升||阳线,行情收盘价上穿5日,未分类,未分类,0
2026-05-19,300242.SZ,佳云科技,5.41,5.664062500000001,5.13,5.68,5.12,开,0,0,0,0,25298.0,46.30亿,34.33万,0,0,0,价升||阳线,行情收盘价上穿5日,未分类,未分类,0
2026-05-19,300061.SZ,旗天科技,10.8,5.571847507331381,10.22,10.85,10.11,开,0,0,0,0,22780.0,21.64亿,67.19万,0,0,0,价升||阳线,行情收盘价上穿5日,未分类,未分类,0
2026-05-19,603078.SH,江化微,34.06,5.448916408668747,31.43,34.96,31.03,开,0,0,0,0,104056.0,30.95亿,131.35万,0,0,0,价升||阳线,行情收盘价上穿5日,未分类,未分类,0
2026-05-19,002246.SZ,北化股份,23.68,5.384957721406323,22.48,23.8,22.33,开,0,0,0,0,42428.0,18.06亿,130.01万,0,0,0,价升||阳线,行情收盘价上穿5日,未分类,未分类,0
2026-05-19,000026.SZ,飞亚达,21.28,5.346534653465356,20.5,21.33,20.35,开,0,0,0,0,20795.0,9.97亿,77.58万,0,0,0,价升||阳线,行情收盘价上穿5日,未分类,未分类,0
2026-05-19,605288.SH,凯迪股份,91.0,5.263157894736838,88.18,92.78,86.8,开,0,0,0,0,11368.0,1.26亿,63.88万,0,0,0,价升||阳线,行情收盘价上穿5日,未分类,未分类,0
2026-05-19,688160.SH,步科股份,135.41,5.180984930868407,132.0,138.0,131.52,开,0,0,0,0,44970.0,335.05亿,123.00万,0,0,0,价升||阳线,行情收盘价上穿5日,未分类,未分类,0
2026-05-19,002055.SZ,ST得润,6.41,5.081967213114762,6.34,6.41,6.28,开,0,0,0,0,7951.0,12.50亿,38.07万,0,0,0,价升||阳线,行情收盘价上穿5日,未分类,未分类,0
2026-05-19,688135.SH,利扬芯片,41.28,5.038167938931308,40.0,41.75,38.8,开,0,0,0,0,54844.0,1343.32亿,96.23万,0,0,0,价升||阳线,行情收盘价上穿5日,未分类,未分类,0
2026-05-19,603008.SH,ST喜临门,8.98,5.029239766081868,8.98,8.98,8.98,开,0,0,0,0,2255.0,2.51亿,33.07万,0,0,0,价升,行情收盘价上穿5日,未分类,未分类,0
2026-05-19,600165.SH,ST宁科,3.14,5.0167224080267525,3.0,3.14,2.95,开,0,0,0,0,2366.0,7.64亿,23.01万,0,0,0,价升||阳线,行情收盘价上穿5日,未分类,未分类,0
2026-05-19,002207.SZ,*ST准油,10.12,4.979253112033181,9.5,10.12,9.5,开,0,0,0,0,33192.0,33.83亿,26.39万,0,0,0,价升||阳线,行情收盘价上穿5日,未分类,未分类,0
2026-05-19,601198.SH,东兴证券,13.43,4.921874999999992,13.28,13.6,13.18,开,0,0,0,0,62436.0,46.49亿,434.12万,0,0,0,价升||阳线,行情收盘价上穿5日,未分类,未分类,0
2026-05-19,688036.SH,传音控股,65.5,4.8839071257005555,62.82,65.97,62.65,开,0,0,0,0,110240.0,1702.78亿,754.03万,0,0,0,价升||阳线,行情收盘价上穿5日,未分类,未分类,0
2026-05-19,688126.SH,沪硅产业,25.8,4.878048780487801,24.41,26.12,23.96,开,0,0,0,0,197312.0,7758.35亿,704.77万,0,0,0,价升||阳线,行情收盘价上穿5日,未分类,未分类,0
2026-05-19,300068.SZ,ST南都,5.09,4.732510288065834,4.79,5.13,4.77,开,0,0,0,0,20289.0,40.78亿,43.45万,0,0,0,价升||阳线,行情收盘价上穿5日,未分类,未分类,0
2026-05-19,688099.SH,晶晨股份,114.26,4.729605866177828,110.01,115.38,108.0,开,0,0,0,0,117471.0,1044.53亿,481.22万,0,0,0,价升||阳线,行情收盘价上穿5日,未分类,未分类,0
2026-05-19,603116.SH,红蜻蜓,7.82,4.685408299866139,7.46,7.99,7.33,开,0,0,0,0,11462.0,14.81亿,45.06万,0,0,0,价升||阳线,行情收盘价上穿5日,未分类,未分类,0
2026-05-19,300007.SZ,汉威科技,50.7,4.53608247422681,48.23,51.45,48.23,开,0,0,0,0,92081.0,18.46亿,143.45万,0,0,0,价升||阳线,行情收盘价上穿5日,未分类,未分类,0
2026-05-19,300031.SZ,宝通科技,25.8,4.453441295546565,24.55,25.97,24.41,开,0,0,0,0,45187.0,17.74亿,90.79万,0,0,0,价升||阳线,行情收盘价上穿5日,未分类,未分类,0
2026-05-19,603220.SH,中贝通信,33.45,4.433343740243527,31.8,34.59,31.51,开,0,0,0,0,157214.0,46.95亿,145.26万,0,0,0,价升||阳线,行情收盘价上穿5日,未分类,未分类,0
2026-05-19,600023.SH,浙能电力,6.42,4.390243902439018,6.15,6.45,6.1,开,0,0,0,0,49161.0,78.09亿,860.84万,0,0,0,价升||阳线,行情收盘价上穿5日,未分类,未分类,0
2026-05-19,300285.SZ,国瓷材料,40.6,4.370179948586126,38.83,42.78,38.72,开,0,0,0,0,171129.0,41.52亿,346.59万,0,0,0,价升||阳线,行情收盘价上穿5日,未分类,未分类,0
2026-05-19,603007.SH,顺景科技,8.45,4.320987654320983,7.99,8.58,7.9,开,0,0,0,0,71263.0,85.87亿,58.74万,0,0,0,价升||阳线,行情收盘价上穿5日,未分类,未分类,0
2026-05-19,603198.SH,迎驾贡酒,36.8,4.3083900226757255,35.28,37.67,35.23,开,0,0,0,0,19518.0,5.31亿,294.40万,0,0,0,价升||阳线,行情收盘价上穿5日,未分类,未分类,0
2026-05-19,688185.SH,康希诺,65.15,4.273367477592844,62.9,68.48,62.82,开,0,0,0,0,22296.0,335.18亿,74.51万,0,0,0,价升||阳线,行情收盘价上穿5日,未分类,未分类,0
2026-05-19,002044.SZ,美年健康,6.38,4.248366013071892,6.14,6.73,6.12,开,0,0,0,0,182444.0,280.82亿,247.18万,0,0,0,价升||阳线,行情收盘价上穿5日,未分类,未分类,0
2026-05-19,002195.SZ,岩山科技,8.74,4.171632896305121,8.61,8.98,8.61,开,0,0,0,0,162193.0,184.35亿,491.17万,0,0,0,价升||阳线,行情收盘价上穿5日,未分类,未分类,0
2026-05-19,603040.SH,新坐标,87.29,4.164677804295954,84.65,88.82,84.0,开,0,0,0,0,17353.0,2.00亿,118.49万,0,0,0,价升||阳线,行情收盘价上穿5日,未分类,未分类,0
2026-05-19,300278.SZ,华昌达,5.28,4.142011834319526,5.08,5.33,5.08,开,0,0,0,0,17549.0,33.38亿,74.42万,0,0,0,价升||阳线,行情收盘价上穿5日,未分类,未分类,0
2026-05-19,300251.SZ,光线传媒,14.01,4.086181277860319,13.52,14.28,13.46,开,0,0,0,0,65773.0,47.11亿,388.83万,0,0,0,价升||阳线,行情收盘价上穿5日,未分类,未分类,0
2026-05-19,300100.SZ,双林股份,34.65,4.022815971179814,33.06,34.82,33.02,开,0,0,0,0,56872.0,16.74亿,190.98万,0,0,0,价升||阳线,行情收盘价上穿5日,未分类,未分类,0
2026-05-19,600149.SH,廊坊发展,6.74,4.012345679012342,6.54,6.89,6.41,开,0,0,0,0,14807.0,22.28亿,25.62万,0,0,0,价升||阳线,行情收盘价上穿5日,未分类,未分类,0
2026-05-19,600239.SH,ST云城,1.56,4.0000000000000036,1.49,1.58,1.48,开,0,0,0,0,3234.0,20.99亿,25.05万,0,0,0,价升||阳线,行情收盘价上穿5日,未分类,未分类,0
2026-05-19,300058.SZ,蓝色光标,18.6,3.910614525139681,17.73,19.0,17.53,开,0,0,0,0,585163.0,314.72亿,646.90万,0,0,0,价升||阳线,行情收盘价上穿5日,未分类,未分类,0
2026-05-19,603100.SH,川仪股份,21.57,3.851709195955709,20.68,21.58,20.67,开,0,0,0,0,13161.0,6.22亿,110.34万,0,0,0,价升||阳线,行情收盘价上穿5日,未分类,未分类,0
2026-05-19,000032.SZ,深桑达Ａ,19.61,3.7566137566137616,18.9,19.96,18.8,开,0,0,0,0,40348.0,20.73亿,213.62万,0,0,0,价升||阳线,行情收盘价上穿5日,未分类,未分类,0
2026-05-19,605066.SH,天正电气,8.09,3.7179487179487185,7.75,8.12,7.73,开,0,0,0,0,11397.0,14.26亿,40.65万,0,0,0,价升||阳线,行情收盘价上穿5日,未分类,未分类,0
2026-05-19,603171.SH,税友股份,59.05,3.7056550755180884,57.0,59.38,56.8,开,0,0,0,0,17841.0,3.04亿,239.68万,0,0,0,价升||阳线,行情收盘价上穿5日,未分类,未分类,0
2026-05-19,300274.SZ,阳光电源,157.81,3.6518883415435153,154.0,160.97,153.72,开,0,0,0,0,814720.0,51.56亿,2509.20万,0,0,0,价升||阳线,行情收盘价上穿5日,未分类,未分类,0
2026-05-19,603057.SH,紫燕食品,27.57,3.6466165413533793,26.69,28.2,26.6,开,0,0,0,0,5752.0,2.08亿,113.59万,0,0,0,价升||阳线,行情收盘价上穿5日,未分类,未分类,0
2026-05-19,300182.SZ,捷成股份,6.03,3.6082474226804115,5.83,6.1,5.83,开,0,0,0,0,52136.0,86.84亿,136.24万,0,0,0,价升||阳线,行情收盘价上穿5日,未分类,未分类,0
2026-05-19,000031.SZ,大悦城,2.88,3.5971223021582768,2.85,2.95,2.83,开,0,0,0,0,5780.0,20.02亿,123.45万,0,0,0,价升||阳线,行情收盘价上穿5日,未分类,未分类,0
2026-05-19,603115.SH,海星股份,86.26,3.590728954005055,86.24,88.99,81.66,开,0,0,0,0,51513.0,6.08亿,208.65万,0,0,0,价升||阳线,行情收盘价上穿5日,未分类,未分类,0
2026-05-19,600136.SH,ST明诚,1.74,3.5714285714285747,1.68,1.76,1.68,开,0,0,0,0,2919.0,16.76亿,33.81万,0,0,0,价升||阳线,行情收盘价上穿5日,未分类,未分类,0
2026-05-19,600025.SH,华能水电,9.87,3.567681007345224,9.55,9.88,9.49,开,0,0,0,0,31945.0,32.78亿,1838.89万,0,0,0,价升||阳线,行情收盘价上穿5日,未分类,未分类,0
2026-05-19,300049.SZ,福瑞医科,58.7,3.563867325335221,57.25,60.55,57.24,开,0,0,0,0,33358.0,5.65亿,137.15万,0,0,0,价升||阳线,行情收盘价上穿5日,未分类,未分类,0
2026-05-19,002081.SZ,金 螳 螂,7.32,3.536067892503536,6.75,7.33,6.46,开,0,0,0,0,185359.0,268.57亿,193.56万,0,0,0,价升||阳线,行情收盘价上穿5日,未分类,未分类,0
2026-05-19,603226.SH,菲林格尔,48.08,3.509149623250797,45.91,48.35,45.6,开,0,0,0,0,7269.0,1.54亿,170.92万,0,0,0,价升||阳线,行情收盘价上穿5日,未分类,未分类,0
2026-05-19,002015.SZ,协鑫能科,22.22,3.4932463903120636,21.46,22.95,20.98,开,0,0,0,0,219987.0,99.41亿,360.70万,0,0,0,价升||阳线,行情收盘价上穿5日,未分类,未分类,0
2026-05-19,688066.SH,*ST航图,14.89,3.4746351633078527,14.41,15.1,14.31,开,0,0,0,0,9501.0,642.11亿,38.90万,0,0,0,价升||阳线,行情收盘价上穿5日,未分类,未分类,0
2026-05-19,000006.SZ,深振业Ａ,11.06,3.4611786716557624,10.98,11.18,10.66,开,0,0,0,0,54912.0,50.22亿,149.31万,0,0,0,价升||阳线,行情收盘价上穿5日,未分类,未分类,0
2026-05-19,603014.SH,威高血净,35.77,3.441295546558719,34.83,35.86,34.58,开,0,0,0,0,2898.0,8188.00万,36.30万,0,0,0,价升||阳线,行情收盘价上穿5日,未分类,未分类,0
2026-05-19,002076.SZ,*ST星光,2.46,3.361344537815129,2.38,2.48,2.38,开,0,0,0,0,4142.0,16.98亿,25.64万,0,0,0,价升||阳线,行情收盘价上穿5日,未分类,未分类,0
2026-05-19,600151.SH,航天机电,15.49,3.3355570380253505,15.11,15.96,14.85,开,0,0,0,0,81693.0,52.71亿,222.17万,0,0,0,价升||阳线,行情收盘价上穿5日,未分类,未分类,0
2026-05-19,002164.SZ,宁波东力,14.61,3.250883392226142,14.24,14.86,14.01,开,0,0,0,0,28905.0,20.14亿,70.10万,0,0,0,价升||阳线,行情收盘价上穿5日,未分类,未分类,0
2026-05-19,300260.SZ,新莱应材,63.9,3.247697527872028,61.5,64.66,61.27,开,0,0,0,0,83409.0,13.14亿,183.80万,0,0,0,价升||阳线,行情收盘价上穿5日,未分类,未分类,0
2026-05-19,300250.SZ,初灵信息,20.35,3.247082699137496,19.68,20.99,19.51,开,0,0,0,0,10386.0,5.09亿,32.04万,0,0,0,价升||阳线,行情收盘价上穿5日,未分类,未分类,0
2026-05-19,603270.SH,金帝股份,30.13,3.2202809181226364,29.3,30.5,29.19,开,0,0,0,0,11551.0,3.84亿,21.31万,0,0,0,价升||阳线,行情收盘价上穿5日,未分类,未分类,0
2026-05-19,300276.SZ,三丰智能,9.09,3.178206583427915,8.88,9.2,8.78,开,0,0,0,0,88614.0,98.81亿,96.09万,0,0,0,价升||阳线,行情收盘价上穿5日,未分类,未分类,0
2026-05-19,603283.SH,赛腾股份,65.98,3.045447446509453,64.0,67.5,62.43,开,0,0,0,0,88811.0,13.46亿,178.92万,0,0,0,价升||阳线,行情收盘价上穿5日,未分类,未分类,0
2026-05-19,601086.SH,国芳集团,9.01,2.971428571428569,8.82,9.12,8.7,开,0,0,0,0,7535.0,8.44亿,60.01万,0,0,0,价升||阳线,行情收盘价上穿5日,未分类,未分类,0
2026-05-19,300231.SZ,银信科技,11.45,2.9676258992805766,11.07,11.53,11.03,开,0,0,0,0,11813.0,10.38亿,50.87万,0,0,0,价升||阳线,行情收盘价上穿5日,未分类,未分类,0
2026-05-19,300168.SZ,万达信息,5.91,2.9616724738675946,5.73,5.96,5.72,开,0,0,0,0,6758.0,11.47亿,85.06万,0,0,0,价升||阳线,行情收盘价上穿5日,未分类,未分类,0
2026-05-19,603001.SH,奥康国际,9.07,2.951191827468783,8.81,9.4,8.81,开,0,0,0,0,7557.0,8.19亿,36.37万,0,0,0,价升||阳线,行情收盘价上穿5日,未分类,未分类,0
2026-05-19,000016.SZ,*ST康佳A,3.14,2.9508196721311575,3.06,3.15,3.06,开,0,0,0,0,3840.0,12.29亿,50.13万,0,0,0,价升||阳线,行情收盘价上穿5日,未分类,未分类,0
2026-05-19,688010.SH,福光股份,37.95,2.9292107404393963,37.5,39.03,36.56,开,0,0,0,0,19106.0,500.27亿,60.93万,0,0,0,价升||阳线,行情收盘价上穿5日,未分类,未分类,0
2026-05-19,600187.SH,*ST国中,1.42,2.898550724637684,1.38,1.43,1.38,开,0,0,0,0,2807.0,19.94亿,22.92万,0,0,0,价升||阳线,行情收盘价上穿5日,未分类,未分类,0
2026-05-19,002244.SZ,滨江集团,10.34,2.885572139303474,10.05,10.38,10.02,开,0,0,0,0,19715.0,19.23亿,285.13万,0,0,0,价升||阳线,行情收盘价上穿5日,未分类,未分类,0
2026-05-19,300078.SZ,思创智联,3.93,2.879581151832469,3.84,4.03,3.82,开,0,0,0,0,6000.0,15.22亿,43.76万,0,0,0,价升||阳线,行情收盘价上穿5日,未分类,未分类,0
2026-05-19,002238.SZ,天威视讯,7.55,2.8610354223433236,7.3,7.64,7.27,开,0,0,0,0,4928.0,6.57亿,60.59万,0,0,0,价升||阳线,行情收盘价上穿5日,未分类,未分类,0
2026-05-19,688080.SH,映翰通,47.47,2.8602383531961006,46.79,48.9,46.51,开,0,0,0,0,11766.0,245.84亿,34.96万,0,0,0,价升||阳线,行情收盘价上穿5日,未分类,未分类,0
2026-05-19,300245.SZ,ST天玑,7.2,2.85714285714286,6.94,7.29,6.88,开,0,0,0,0,5355.0,7.52亿,21.92万,0,0,0,价升||阳线,行情收盘价上穿5日,未分类,未分类,0
2026-05-19,600131.SH,国网信通,18.47,2.839643652561236,18.0,18.66,17.96,开,0,0,0,0,19436.0,10.57亿,220.88万,0,0,0,价升||阳线,行情收盘价上穿5日,未分类,未分类,0
2026-05-19,603117.SH,万林物流,5.13,2.8056112224448833,4.99,5.18,4.95,开,0,0,0,0,4210.0,8.26亿,30.74万,0,0,0,价升||阳线,行情收盘价上穿5日,未分类,未分类,0
2026-05-19,688030.SH,山石网科,17.6,2.803738317757012,17.01,17.8,17.01,开,0,0,0,0,2357.0,134.40亿,31.72万,0,0,0,价升||阳线,行情收盘价上穿5日,未分类,未分类,0
2026-05-19,600255.SH,鑫科材料,3.67,2.801120448179274,3.57,3.75,3.57,开,0,0,0,0,16098.0,43.43亿,66.29万,0,0,0,价升||阳线,行情收盘价上穿5日,未分类,未分类,0
2026-05-19,605168.SH,三人行,61.58,2.7875146052411983,59.32,62.0,58.7,开,0,0,0,0,40866.0,6.74亿,129.82万,0,0,0,价升||阳线,行情收盘价上穿5日,未分类,未分类,0
2026-05-19,300210.SZ,森远股份,11.82,2.7826086956521765,11.39,12.42,11.31,开,0,0,0,0,43120.0,35.74亿,57.23万,0,0,0,价升||阳线,行情收盘价上穿5日,未分类,未分类,0
2026-05-19,300052.SZ,中青宝,15.95,2.770618556701029,15.49,16.33,15.1,开,0,0,0,0,47302.0,29.79亿,41.77万,0,0,0,价升||阳线,行情收盘价上穿5日,未分类,未分类,0
2026-05-19,603051.SH,鹿山新材,24.8,2.734051367025684,24.38,24.95,24.0,开,0,0,0,0,8003.0,3.25亿,40.08万,0,0,0,价升||阳线,行情收盘价上穿5日,未分类,未分类,0
2026-05-19,300244.SZ,迪安诊断,19.17,2.7331189710611015,18.87,19.64,18.82,开,0,0,0,0,34962.0,18.09亿,96.13万,0,0,0,价升||阳线,行情收盘价上穿5日,未分类,未分类,0
2026-05-19,002020.SZ,京新药业,14.31,2.7279253409906734,13.95,14.38,13.94,开,0,0,0,0,6633.0,4.67亿,103.60万,0,0,0,价升||阳线,行情收盘价上穿5日,未分类,未分类,0
2026-05-19,002292.SZ,奥飞娱乐,8.3,2.7227722772277305,8.09,8.35,8.05,开,0,0,0,0,22316.0,27.00亿,84.48万,0,0,0,价升||阳线,行情收盘价上穿5日,未分类,未分类,0
2026-05-19,688116.SH,天奈科技,43.92,2.7128157156220856,42.76,44.08,42.05,开,0,0,0,0,30952.0,714.24亿,160.98万,0,0,0,价升||阳线,行情收盘价上穿5日,未分类,未分类,0
2026-05-19,601059.SH,信达证券,17.12,2.6994601079783997,17.2,17.2,17.01,开,0,0,0,0,25186.0,14.70亿,555.20万,0,0,0,价升||阴线,行情收盘价上穿5日,未分类,未分类,0
2026-05-19,002193.SZ,ST如意,5.34,2.6923076923076863,5.22,5.38,5.2,开,0,0,0,0,2318.0,4.37亿,13.98万,0,0,0,价升||阳线,行情收盘价上穿5日,未分类,未分类,0
2026-05-19,603138.SH,海量数据,19.64,2.665969681129125,19.13,19.85,19.08,开,0,0,0,0,11629.0,5.96亿,56.63万,0,0,0,价升||阳线,行情收盘价上穿5日,未分类,未分类,0
2026-05-19,600116.SH,三峡水利,6.95,2.6587887740029634,6.77,6.95,6.71,开,0,0,0,0,12442.0,18.10亿,132.89万,0,0,0,价升||阳线,行情收盘价上穿5日,未分类,未分类,0
2026-05-19,002039.SZ,黔源电力,20.8,2.564102564102562,20.21,20.8,19.92,开,0,0,0,0,13231.0,6.47亿,88.93万,0,0,0,价升||阳线,行情收盘价上穿5日,未分类,未分类,0
2026-05-19,300024.SZ,机器人,16.6,2.5324274243360105,16.1,16.86,16.02,开,0,0,0,0,72112.0,43.59亿,259.82万,0,0,0,价升||阳线,行情收盘价上穿5日,未分类,未分类,0
2026-05-19,600167.SH,联美控股,6.94,2.511078286558358,6.81,6.98,6.77,开,0,0,0,0,4121.0,5.96亿,157.04万,0,0,0,价升||阳线,行情收盘价上穿5日,未分类,未分类,0
2026-05-19,002063.SZ,远光软件,6.6,2.4844720496894293,6.44,6.63,6.41,开,0,0,0,0,16487.0,25.14亿,116.74万,0,0,0,价升||阳线,行情收盘价上穿5日,未分类,未分类,0
2026-05-19,002294.SZ,信立泰,35.62,2.4741081703107004,34.72,36.09,34.66,开,0,0,0,0,52949.0,14.89亿,397.01万,0,0,0,价升||阳线,行情收盘价上穿5日,未分类,未分类,0
2026-05-19,002212.SZ,天融信,7.48,2.4657534246575423,7.31,7.54,7.28,开,0,0,0,0,10861.0,14.58亿,87.28万,0,0,0,价升||阳线,行情收盘价上穿5日,未分类,未分类,0
2026-05-19,002042.SZ,华孚时尚,4.99,2.4640657084188935,4.88,5.05,4.73,开,0,0,0,0,15734.0,31.95亿,84.86万,0,0,0,价升||阳线,行情收盘价上穿5日,未分类,未分类,0
2026-05-19,601021.SH,春秋航空,45.35,2.4627202892001887,44.26,45.38,44.26,开,0,0,0,0,9681.0,2.16亿,443.67万,0,0,0,价升||阳线,行情收盘价上穿5日,未分类,未分类,0
2026-05-19,002024.SZ,ST易购,1.25,2.4590163934426252,1.23,1.26,1.23,开,0,0,0,0,2540.0,20.35亿,115.67万,0,0,0,价升||阳线,行情收盘价上穿5日,未分类,未分类,0
2026-05-19,603103.SH,横店影视,20.53,2.445109780439132,20.06,20.59,20.04,开,0,0,0,0,5035.0,2.47亿,130.20万,0,0,0,价升||阳线,行情收盘价上穿5日,未分类,未分类,0
2026-05-19,002031.SZ,巨轮智能,8.38,2.4449877750611377,7.93,8.53,7.86,开,0,0,0,0,225886.0,276.92亿,160.36万,0,0,0,价升||阳线,行情收盘价上穿5日,未分类,未分类,0
2026-05-19,300076.SZ,*ST宁视,5.03,2.4439918533604907,4.91,5.1,4.88,开,0,0,0,0,2017.0,4.02亿,21.33万,0,0,0,价升||阳线,行情收盘价上穿5日,未分类,未分类,0
2026-05-19,688023.SH,安恒信息,45.58,2.4269662921348276,44.5,45.78,44.5,开,0,0,0,0,4520.0,99.58亿,46.39万,0,0,0,价升||阳线,行情收盘价上穿5日,未分类,未分类,0
2026-05-19,601156.SH,东航物流,15.67,2.418300653594766,15.29,15.8,15.25,开,0,0,0,0,7463.0,4.76亿,148.02万,0,0,0,价升||阳线,行情收盘价上穿5日,未分类,未分类,0
2026-05-19,300103.SZ,达刚控股,9.76,2.413431269674716,9.72,9.87,9.42,开,0,0,0,0,7333.0,7.56亿,30.97万,0,0,0,价升||阳线,行情收盘价上穿5日,未分类,未分类,0
2026-05-19,300106.SZ,西部牧业,14.43,2.413058907026259,14.06,14.53,13.93,开,0,0,0,0,8251.0,5.76亿,30.50万,0,0,0,价升||阳线,行情收盘价上穿5日,未分类,未分类,0
2026-05-19,688156.SH,路德科技,27.26,2.404207362885051,26.87,27.8,26.59,开,0,0,0,0,4678.0,171.65亿,27.45万,0,0,0,价升||阳线,行情收盘价上穿5日,未分类,未分类,0
2026-05-19,603050.SH,科林电气,24.39,2.3929471032745604,23.58,25.17,23.58,开,0,0,0,0,14729.0,6.00亿,98.37万,0,0,0,价升||阳线,行情收盘价上穿5日,未分类,未分类,0
2026-05-19,300040.SZ,九洲集团,7.72,2.3872679045092804,7.47,7.78,7.39,开,0,0,0,0,19608.0,25.78亿,39.94万,0,0,0,价升||阳线,行情收盘价上穿5日,未分类,未分类,0
2026-05-19,688188.SH,柏楚电子,173.28,2.3629489603024574,170.5,179.78,169.28,开,0,0,0,0,40533.0,230.93亿,501.96万,0,0,0,价升||阳线,行情收盘价上穿5日,未分类,未分类,0
2026-05-19,600143.SH,金发科技,17.84,2.3522662076878955,17.95,18.18,17.67,开,0,0,0,0,93662.0,52.22亿,470.05万,0,0,0,价升||阴线,行情收盘价上穿5日,未分类,未分类,0
2026-05-19,603168.SH,莎普爱思,6.53,2.3510971786833914,6.42,6.56,6.4,开,0,0,0,0,2170.0,3.33亿,24.33万,0,0,0,价升||阳线,行情收盘价上穿5日,未分类,未分类,0
2026-05-19,300170.SZ,汉得信息,22.22,2.349147858129885,21.71,22.58,21.48,开,0,0,0,0,77616.0,34.87亿,217.05万,0,0,0,价升||阳线,行情收盘价上穿5日,未分类,未分类,0
2026-05-19,300017.SZ,网宿科技,18.91,2.3268398268398256,18.4,19.23,18.19,开,0,0,0,0,237425.0,126.30亿,442.77万,0,0,0,价升||阳线,行情收盘价上穿5日,未分类,未分类,0
2026-05-19,600229.SH,城市传媒,6.16,2.3255813953488467,6.02,6.2,6.0,开,0,0,0,0,1288.0,2.10亿,40.70万,0,0,0,价升||阳线,行情收盘价上穿5日,未分类,未分类,0
2026-05-19,300036.SZ,超图软件,15.09,2.305084745762711,14.75,15.19,14.68,开,0,0,0,0,7085.0,4.71亿,66.17万,0,0,0,价升||阳线,行情收盘价上穿5日,未分类,未分类,0
2026-05-19,600011.SH,华能国际,7.67,2.2666666666666657,7.49,7.7,7.41,开,0,0,0,0,56470.0,74.15亿,843.52万,0,0,0,价升||阳线,行情收盘价上穿5日,未分类,未分类,0
2026-05-19,688085.SH,三友医疗,18.51,2.2651933701657465,18.2,18.58,18.05,开,0,0,0,0,3184.0,172.97亿,59.00万,0,0,0,价升||阳线,行情收盘价上穿5日,未分类,未分类,0
2026-05-19,603088.SH,宁波精达,12.21,2.261306532663328,12.0,12.6,11.82,开,0,0,0,0,17790.0,14.41亿,53.46万,0,0,0,价升||阳线,行情收盘价上穿5日,未分类,未分类,0
2026-05-19,688072.SH,拓荆科技,537.06,2.25624036099844,525.21,540.0,508.0,开,0,0,0,0,172577.0,326.01亿,1518.23万,0,0,0,价升||阳线,行情收盘价上穿5日,未分类,未分类,0
2026-05-19,000025.SZ,特  力Ａ,15.63,2.22367560497058,15.29,15.68,15.29,开,0,0,0,0,2193.0,1.42亿,61.39万,0,0,0,价升||阳线,行情收盘价上穿5日,未分类,未分类,0
2026-05-19,603058.SH,永吉股份,11.52,2.218278615794144,11.33,11.79,11.2,开,0,0,0,0,6666.0,5.78亿,47.65万,0,0,0,价升||阳线,行情收盘价上穿5日,未分类,未分类,0
2026-05-19,002249.SZ,大洋电机,10.19,2.206619859578725,9.92,10.25,9.9,开,0,0,0,0,52562.0,52.18亿,189.73万,0,0,0,价升||阳线,行情收盘价上穿5日,未分类,未分类,0
2026-05-19,002127.SZ,南极电商,3.25,2.201257861635215,3.18,3.26,3.16,开,0,0,0,0,7250.0,22.48亿,64.83万,0,0,0,价升||阳线,行情收盘价上穿5日,未分类,未分类,0
2026-05-19,300229.SZ,拓尔思,19.52,2.198952879581142,19.01,19.75,18.92,开,0,0,0,0,33867.0,17.39亿,170.42万,0,0,0,价升||阳线,行情收盘价上穿5日,未分类,未分类,0
2026-05-19,002142.SZ,宁波银行,31.76,2.1879021879021985,31.08,31.81,31.02,开,0,0,0,0,25765.0,8.17亿,2095.98万,0,0,0,价升||阳线,行情收盘价上穿5日,未分类,未分类,0
2026-05-19,600053.SH,*ST九鼎,9.81,2.187500000000009,9.55,9.86,9.52,开,0,0,0,0,2437.0,2.50亿,42.53万,0,0,0,价升||阳线,行情收盘价上穿5日,未分类,未分类,0
2026-05-19,600101.SH,明星电力,10.28,2.1868787276341837,10.01,10.3,9.92,开,0,0,0,0,14316.0,14.09亿,56.32万,0,0,0,价升||阳线,行情收盘价上穿5日,未分类,未分类,0
2026-05-19,300143.SZ,盈康生命,11.23,2.1838034576888097,11.0,11.48,10.99,开,0,0,0,0,7415.0,6.55亿,72.01万,0,0,0,价升||阳线,行情收盘价上穿5日,未分类,未分类,0
2026-05-19,603237.SH,五芳斋,16.24,2.1383647798742014,15.9,16.39,15.9,开,0,0,0,0,2583.0,1.59亿,30.82万,0,0,0,价升||阳线,行情收盘价上穿5日,未分类,未分类,0
2026-05-19,600236.SH,桂冠电力,11.01,2.1335807050092805,10.77,11.25,10.57,开,0,0,0,0,16814.0,15.34亿,867.85万,0,0,0,价升||阳线,行情收盘价上穿5日,未分类,未分类,0
2026-05-19,300240.SZ,飞力达,6.76,2.1148036253776388,6.61,6.78,6.61,开,0,0,0,0,2093.0,3.11亿,24.56万,0,0,0,价升||阳线,行情收盘价上穿5日,未分类,未分类,0
2026-05-19,688193.SH,仁度生物,56.12,2.0920502092050186,54.7,58.97,54.7,开,0,0,0,0,4114.0,71.80亿,22.49万,0,0,0,价升||阳线,行情收盘价上穿5日,未分类,未分类,0
2026-05-19,600261.SH,阳光照明,3.43,2.083333333333342,3.37,3.47,3.36,开,0,0,0,0,2802.0,8.16亿,45.79万,0,0,0,价升||阳线,行情收盘价上穿5日,未分类,未分类,0
2026-05-19,688012.SH,中微公司,447.87,2.0786324786324797,432.17,454.68,428.1,开,0,0,0,0,477676.0,1073.65亿,2807.78万,0,0,0,价升||阳线,行情收盘价上穿5日,未分类,未分类,0
2026-05-19,688095.SH,福昕软件,81.65,2.075259407425942,79.85,82.54,79.3,开,0,0,0,0,9746.0,119.33亿,74.60万,0,0,0,价升||阳线,行情收盘价上穿5日,未分类,未分类,0
2026-05-19,300130.SZ,新国都,22.3,2.0594965675057173,21.87,22.47,21.82,开,0,0,0,0,7974.0,3.59亿,96.82万,0,0,0,价升||阳线,行情收盘价上穿5日,未分类,未分类,0
2026-05-19,600238.SH,*ST椰岛,5.07,2.012072434607657,5.0,5.11,4.98,开,0,0,0,0,925.0,1.83亿,22.58万,0,0,0,价升||阳线,行情收盘价上穿5日,未分类,未分类,0
2026-05-19,688189.SH,南新制药,10.16,2.0080321285140488,10.37,10.4,9.72,开,0,0,0,0,9408.0,937.48亿,27.88万,0,0,0,价升||阴线,行情收盘价上穿5日,未分类,未分类,0
2026-05-19,300148.SZ,天舟文化,4.07,2.0050125313283225,4.0,4.09,3.97,开,0,0,0,0,4330.0,10.68亿,33.13万,0,0,0,价升||阳线,行情收盘价上穿5日,未分类,未分类,0
2026-05-19,300107.SZ,建新股份,7.66,1.9973368841544654,7.51,7.71,7.45,开,0,0,0,0,7470.0,9.79亿,26.61万,0,0,0,价升||阳线,行情收盘价上穿5日,未分类,未分类,0
2026-05-19,300125.SZ,*ST聆达,10.24,1.9920318725099708,10.05,10.5,10.04,开,0,0,0,0,2853.0,2.78亿,36.95万,0,0,0,价升||阳线,行情收盘价上穿5日,未分类,未分类,0
2026-05-19,300281.SZ,金明精机,8.2,1.9900497512437831,8.07,8.28,7.98,开,0,0,0,0,14351.0,17.64亿,32.58万,0,0,0,价升||阳线,行情收盘价上穿5日,未分类,未分类,0
2026-05-19,603000.SH,人民网,19.28,1.9566367001586513,18.9,19.39,18.8,开,0,0,0,0,19187.0,10.00亿,213.18万,0,0,0,价升||阳线,行情收盘价上穿5日,未分类,未分类,0
2026-05-19,605199.SH,ST葫芦娃,6.83,1.940298507462685,6.72,6.89,6.66,开,0,0,0,0,2068.0,3.04亿,27.33万,0,0,0,价升||阳线,行情收盘价上穿5日,未分类,未分类,0
2026-05-19,603155.SH,新亚强,20.05,1.9318759532282612,19.5,20.28,19.47,开,0,0,0,0,6363.0,3.18亿,63.32万,0,0,0,价升||阳线,行情收盘价上穿5日,未分类,未分类,0
2026-05-19,300246.SZ,宝莱特,19.56,1.9280875455966513,19.35,19.62,18.91,开,0,0,0,0,6153.0,3.17亿,41.34万,0,0,0,价升||阳线,行情收盘价上穿5日,未分类,未分类,0
2026-05-19,002148.SZ,北纬科技,7.96,1.9206145966709394,7.77,8.05,7.76,开,0,0,0,0,5079.0,6.39亿,35.77万,0,0,0,价升||阳线,行情收盘价上穿5日,未分类,未分类,0
2026-05-19,600029.SH,南方航空,5.33,1.9120458891013314,5.25,5.35,5.25,开,0,0,0,0,22570.0,42.57亿,718.32万,0,0,0,价升||阳线,行情收盘价上穿5日,未分类,未分类,0
2026-05-19,300253.SZ,卫宁健康,9.1,1.9036954087346019,8.95,9.27,8.91,开,0,0,0,0,32580.0,35.65亿,164.76万,0,0,0,价升||阳线,行情收盘价上穿5日,未分类,未分类,0
2026-05-19,300081.SZ,ST恒信,4.32,1.8867924528301903,4.22,4.37,4.2,开,0,0,0,0,4047.0,9.37亿,26.12万,0,0,0,价升||阳线,行情收盘价上穿5日,未分类,未分类,0
2026-05-19,300003.SZ,乐普医疗,13.5,1.8867924528301887,13.39,13.84,13.36,开,0,0,0,0,21221.0,15.57亿,213.15万,0,0,0,价升||阳线,行情收盘价上穿5日,未分类,未分类,0
2026-05-19,002084.SZ,海鸥住工,3.78,1.8867924528301845,3.73,3.81,3.69,开,0,0,0,0,2334.0,6.17亿,24.36万,0,0,0,价升||阳线,行情收盘价上穿5日,未分类,未分类,0
2026-05-19,300063.SZ,天龙集团,12.51,1.872964169381111,12.16,12.75,12.02,开,0,0,0,0,48685.0,38.82亿,78.38万,0,0,0,价升||阳线,行情收盘价上穿5日,未分类,未分类,0
2026-05-19,300071.SZ,福石控股,4.92,1.8633540372670776,4.81,4.99,4.78,开,0,0,0,0,11604.0,23.52亿,46.51万,0,0,0,价升||阳线,行情收盘价上穿5日,未分类,未分类,0
2026-05-19,300141.SZ,和顺电气,13.12,1.8633540372670687,12.8,13.44,12.8,开,0,0,0,0,5494.0,4.17亿,33.41万,0,0,0,价升||阳线,行情收盘价上穿5日,未分类,未分类,0
2026-05-19,000156.SZ,华数传媒,7.67,1.8592297476759585,7.5,7.75,7.47,开,0,0,0,0,7349.0,9.63亿,130.38万,0,0,0,价升||阳线,行情收盘价上穿5日,未分类,未分类,0
2026-05-19,600027.SH,华电国际,5.48,1.8587360594795637,5.36,5.5,5.34,开,0,0,0,0,36675.0,67.13亿,505.02万,0,0,0,价升||阳线,行情收盘价上穿5日,未分类,未分类,0
2026-05-19,601006.SH,大秦铁路,5.53,1.8416206261510228,5.43,5.54,5.43,开,0,0,0,0,49621.0,90.10亿,1114.14万,0,0,0,价升||阳线,行情收盘价上穿5日,未分类,未分类,0
2026-05-19,601111.SH,中国国航,6.71,1.8209408194233705,6.63,6.72,6.62,开,0,0,0,0,23234.0,34.77亿,780.92万,0,0,0,价升||阳线,行情收盘价上穿5日,未分类,未分类,0
2026-05-19,603049.SH,中策橡胶,47.68,1.8150758061071994,46.93,47.75,46.77,开,0,0,0,0,4570.0,9666.00万,41.70万,0,0,0,价升||阳线,行情收盘价上穿5日,未分类,未分类,0
2026-05-19,600216.SH,浙江医药,14.14,1.7998560115190785,13.9,14.28,13.89,开,0,0,0,0,10773.0,7.62亿,134.53万,0,0,0,价升||阳线,行情收盘价上穿5日,未分类,未分类,0
2026-05-19,600099.SH,林海股份,11.36,1.7921146953404954,11.2,11.38,11.13,开,0,0,0,0,1990.0,1.77亿,24.89万,0,0,0,价升||阳线,行情收盘价上穿5日,未分类,未分类,0
2026-05-19,600285.SH,羚锐制药,22.16,1.7914561322921476,21.75,22.22,21.68,开,0,0,0,0,7709.0,3.50亿,125.40万,0,0,0,价升||阳线,行情收盘价上穿5日,未分类,未分类,0
2026-05-19,600020.SH,中原高速,3.99,1.785714285714293,3.92,3.99,3.91,开,0,0,0,0,2083.0,5.25亿,89.67万,0,0,0,价升||阳线,行情收盘价上穿5日,未分类,未分类,0
2026-05-19,600018.SH,上港集团,5.15,1.778656126482228,5.06,5.15,5.05,开,0,0,0,0,12454.0,24.34亿,1197.21万,0,0,0,价升||阳线,行情收盘价上穿5日,未分类,未分类,0
2026-05-19,300074.SZ,华平股份,4.62,1.7621145374449354,4.52,4.67,4.51,开,0,0,0,0,4653.0,10.07亿,25.40万,0,0,0,价升||阳线,行情收盘价上穿5日,未分类,未分类,0
2026-05-19,688152.SH,麒麟信安,38.72,1.7608409986859443,38.06,39.99,37.99,开,0,0,0,0,3616.0,92.57亿,39.45万,0,0,0,价升||阳线,行情收盘价上穿5日,未分类,未分类,0
2026-05-19,603030.SH,全筑股份,2.93,1.7361111111111205,2.88,2.97,2.88,开,0,0,0,0,6125.0,20.91亿,38.59万,0,0,0,价升||阳线,行情收盘价上穿5日,未分类,未分类,0
2026-05-19,300288.SZ,朗玛信息,11.8,1.7241379310344922,11.61,11.88,11.56,开,0,0,0,0,2778.0,2.36亿,30.28万,0,0,0,价升||阳线,行情收盘价上穿5日,未分类,未分类,0
2026-05-19,002093.SZ,国脉科技,8.28,1.719901719901705,8.14,8.32,8.09,开,0,0,0,0,4251.0,5.15亿,83.42万,0,0,0,价升||阳线,行情收盘价上穿5日,未分类,未分类,0
2026-05-19,605136.SH,丽人丽妆,10.66,1.7175572519083944,10.47,10.75,10.46,开,0,0,0,0,3218.0,3.01亿,42.69万,0,0,0,价升||阳线,行情收盘价上穿5日,未分类,未分类,0
2026-05-19,300214.SZ,日科化学,8.9,1.7142857142857182,8.8,8.97,8.62,开,0,0,0,0,7946.0,9.01亿,41.38万,0,0,0,价升||阳线,行情收盘价上穿5日,未分类,未分类,0
2026-05-19,002282.SZ,博深股份,6.57,1.7027863777089833,6.5,6.61,6.47,开,0,0,0,0,1189.0,1.81亿,33.18万,0,0,0,价升||阳线,行情收盘价上穿5日,未分类,未分类,0
2026-05-19,300113.SZ,顺网科技,27.49,1.7018128005919249,27.03,27.8,26.51,开,0,0,0,0,46714.0,17.11亿,139.93万,0,0,0,价升||阳线,行情收盘价上穿5日,未分类,未分类,0
2026-05-19,688169.SH,石头科技,130.62,1.6893732970027373,128.61,133.33,128.02,开,0,0,0,0,80724.0,616.42亿,338.44万,0,0,0,价升||阳线,行情收盘价上穿5日,未分类,未分类,0
2026-05-19,300047.SZ,天源迪科,12.68,1.6840417000801848,12.41,12.74,12.33,开,0,0,0,0,11392.0,9.03亿,72.77万,0,0,0,价升||阳线,行情收盘价上穿5日,未分类,未分类,0
2026-05-19,300238.SZ,冠昊生物,13.32,1.6793893129771043,13.17,13.56,13.13,开,0,0,0,0,3175.0,2.37亿,35.32万,0,0,0,价升||阳线,行情收盘价上穿5日,未分类,未分类,0
2026-05-19,688108.SH,赛诺医疗,20.63,1.675702316412025,20.47,21.24,20.25,开,0,0,0,0,14254.0,682.59亿,86.22万,0,0,0,价升||阳线,行情收盘价上穿5日,未分类,未分类,0
2026-05-19,688033.SH,*ST天宜,8.5,1.6746411483253658,8.35,8.69,8.16,开,0,0,0,0,5242.0,614.39亿,47.79万,0,0,0,价升||阳线,行情收盘价上穿5日,未分类,未分类,0
2026-05-19,603159.SH,上海亚虹,26.12,1.6738030362008554,25.77,26.28,25.61,开,0,0,0,0,2383.0,9159.00万,36.57万,0,0,0,价升||阳线,行情收盘价上穿5日,未分类,未分类,0
2026-05-19,603015.SH,弘讯科技,12.82,1.6653449643140434,12.64,12.88,12.59,开,0,0,0,0,6443.0,5.04亿,51.82万,0,0,0,价升||阳线,行情收盘价上穿5日,未分类,未分类,0
2026-05-19,600012.SH,皖通高速,15.9,1.6624040920716097,15.51,15.97,15.51,开,0,0,0,0,1740.0,1.10亿,185.33万,0,0,0,价升||阳线,行情收盘价上穿5日,未分类,未分类,0
2026-05-19,600246.SH,万通发展,12.86,1.6600790513833916,12.6,13.17,12.2,开,0,0,0,0,57799.0,45.30亿,243.11万,0,0,0,价升||阳线,行情收盘价上穿5日,未分类,未分类,0
2026-05-19,002078.SZ,太阳纸业,13.48,1.659125188536958,13.3,13.58,13.22,开,0,0,0,0,10208.0,7.58亿,374.39万,0,0,0,价升||阳线,行情收盘价上穿5日,未分类,未分类,0
2026-05-19,600279.SH,重庆港,4.94,1.646090534979425,4.86,4.96,4.86,开,0,0,0,0,1503.0,3.05亿,58.63万,0,0,0,价升||阳线,行情收盘价上穿5日,未分类,未分类,0
2026-05-19,600039.SH,四川路桥,8.09,1.6331658291457274,7.97,8.12,7.92,开,0,0,0,0,17010.0,21.08亿,703.47万,0,0,0,价升||阳线,行情收盘价上穿5日,未分类,未分类,0
2026-05-19,002102.SZ,ST能特,2.49,1.632653061224491,2.46,2.52,2.46,开,0,0,0,0,2709.0,10.86亿,54.10万,0,0,0,价升||阳线,行情收盘价上穿5日,未分类,未分类,0
2026-05-19,600050.SH,中国联通,5.0,1.6260162601626031,4.87,5.11,4.82,开,0,0,0,0,206660.0,414.42亿,1549.52万,0,0,0,价升||阳线,行情收盘价上穿5日,未分类,未分类,0
2026-05-19,600008.SH,首创环保,3.13,1.6233766233766176,3.08,3.14,3.07,开,0,0,0,0,15198.0,48.88亿,229.76万,0,0,0,价升||阳线,行情收盘价上穿5日,未分类,未分类,0
2026-05-19,603102.SH,百合股份,40.07,1.6231295967537422,39.65,40.33,39.64,开,0,0,0,0,814.0,2031.00万,25.64万,0,0,0,价升||阳线,行情收盘价上穿5日,未分类,未分类,0
2026-05-19,002232.SZ,启明信息,18.16,1.6228315612758764,17.86,18.23,17.8,开,0,0,0,0,4630.0,2.55亿,74.19万,0,0,0,价升||阳线,行情收盘价上穿5日,未分类,未分类,0
2026-05-19,688191.SH,智洋创新,55.81,1.6205389657683915,55.0,57.9,54.5,开,0,0,0,0,27734.0,493.74亿,129.28万,0,0,0,价升||阳线,行情收盘价上穿5日,未分类,未分类,0
2026-05-19,002123.SZ,梦网科技,9.49,1.6059957173447574,9.28,9.55,9.24,开,0,0,0,0,6404.0,6.76亿,68.38万,0,0,0,价升||阳线,行情收盘价上穿5日,未分类,未分类,0
2026-05-19,002133.SZ,广宇集团,3.17,1.6025641025640969,3.14,3.21,3.12,开,0,0,0,0,3082.0,9.71亿,24.40万,0,0,0,价升||阳线,行情收盘价上穿5日,未分类,未分类,0
2026-05-19,300150.SZ,世纪瑞尔,5.1,1.5936254980079698,5.04,5.14,4.96,开,0,0,0,0,1966.0,3.87亿,23.65万,0,0,0,价升||阳线,行情收盘价上穿5日,未分类,未分类,0
2026-05-19,688076.SH,ST诺泰,31.47,1.5816655907036747,31.19,31.66,30.89,开,0,0,0,0,2465.0,78.37亿,99.46万,0,0,0,价升||阳线,行情收盘价上穿5日,未分类,未分类,0
2026-05-19,300271.SZ,华宇软件,6.45,1.574803149606308,6.33,6.51,6.3,开,0,0,0,0,3242.0,5.03亿,51.24万,0,0,0,价升||阳线,行情收盘价上穿5日,未分类,未分类,0
2026-05-19,002268.SZ,电科网安,15.75,1.547388781431336,15.59,15.84,15.43,开,0,0,0,0,7104.0,4.53亿,133.13万,0,0,0,价升||阳线,行情收盘价上穿5日,未分类,未分类,0
2026-05-19,600054.SH,黄山旅游,11.27,1.531531531531531,11.14,11.3,11.1,开,0,0,0,0,3473.0,3.10亿,57.85万,0,0,0,价升||阳线,行情收盘价上穿5日,未分类,未分类,0
2026-05-19,600100.SH,同方股份,8.66,1.524032825322401,8.53,8.69,8.46,开,0,0,0,0,15893.0,18.44亿,290.14万,0,0,0,价升||阳线,行情收盘价上穿5日,未分类,未分类,0
2026-05-19,300098.SZ,高新兴,6.0,1.5228426395939063,5.86,6.04,5.85,开,0,0,0,0,15904.0,26.55亿,92.50万,0,0,0,价升||阳线,行情收盘价上穿5日,未分类,未分类,0
2026-05-19,603080.SH,新疆火炬,24.08,1.5177065767284967,23.65,24.08,23.48,开,0,0,0,0,4669.0,1.97亿,34.07万,0,0,0,价升||阳线,行情收盘价上穿5日,未分类,未分类,0
2026-05-19,603231.SH,索宝蛋白,17.42,1.5151515151515242,17.19,17.54,17.19,开,0,0,0,0,1806.0,1.04亿,18.51万,0,0,0,价升||阳线,行情收盘价上穿5日,未分类,未分类,0
2026-05-19,600015.SH,华夏银行,6.7,1.5151515151515234,6.6,6.72,6.6,开,0,0,0,0,23474.0,35.20亿,1030.94万,0,0,0,价升||阳线,行情收盘价上穿5日,未分类,未分类,0
2026-05-19,600155.SH,华创云信,6.07,1.5050167224080242,5.99,6.09,5.96,开,0,0,0,0,6462.0,10.70亿,134.36万,0,0,0,价升||阳线,行情收盘价上穿5日,未分类,未分类,0
2026-05-19,300239.SZ,东宝生物,5.41,1.5009380863039414,5.33,5.42,5.33,开,0,0,0,0,1700.0,3.15亿,31.91万,0,0,0,价升||阳线,行情收盘价上穿5日,未分类,未分类,0
2026-05-19,605068.SH,明新旭腾,27.19,1.4930944382232256,26.77,27.7,26.71,开,0,0,0,0,3006.0,1.10亿,44.10万,0,0,0,价升||阳线,行情收盘价上穿5日,未分类,未分类,0
2026-05-19,300002.SZ,神州泰岳,9.55,1.4877789585547352,9.43,9.65,9.36,开,0,0,0,0,16536.0,17.29亿,176.37万,0,0,0,价升||阳线,行情收盘价上穿5日,未分类,未分类,0
2026-05-19,600048.SH,保利发展,6.14,1.4876033057851217,6.05,6.2,6.05,开,0,0,0,0,26143.0,42.53亿,734.99万,0,0,0,价升||阳线,行情收盘价上穿5日,未分类,未分类,0
2026-05-19,600115.SH,中国东航,4.12,1.4778325123152833,4.07,4.16,4.06,开,0,0,0,0,32807.0,79.73亿,701.43万,0,0,0,价升||阳线,行情收盘价上穿5日,未分类,未分类,0
2026-05-19,600119.SH,*ST长投,6.19,1.475409836065586,6.08,6.22,6.08,开,0,0,0,0,1062.0,1.73亿,22.61万,0,0,0,价升||阳线,行情收盘价上穿5日,未分类,未分类,0
2026-05-19,603096.SH,新经典,18.65,1.4689880304678977,18.35,18.69,18.29,开,0,0,0,0,944.0,5078.00万,28.76万,0,0,0,价升||阳线,行情收盘价上穿5日,未分类,未分类,0
2026-05-19,002184.SZ,海得控制,12.5,1.4610389610389587,12.24,12.54,12.2,开,0,0,0,0,4937.0,3.96亿,30.05万,0,0,0,价升||阳线,行情收盘价上穿5日,未分类,未分类,0
2026-05-19,300291.SZ,百纳千成,6.26,1.458670988654779,6.16,6.35,6.15,开,0,0,0,0,5020.0,7.99亿,58.21万,0,0,0,价升||阳线,行情收盘价上穿5日,未分类,未分类,0
2026-05-19,603170.SH,宝立食品,12.56,1.4539579967689797,12.48,12.63,12.45,开,0,0,0,0,824.0,6557.00万,50.24万,0,0,0,价升||阳线,行情收盘价上穿5日,未分类,未分类,0
2026-05-19,002279.SZ,久其软件,7.69,1.4511873350923525,7.58,7.76,7.54,开,0,0,0,0,8852.0,11.50亿,61.17万,0,0,0,价升||阳线,行情收盘价上穿5日,未分类,未分类,0
2026-05-19,002243.SZ,力合科创,9.09,1.4508928571428459,8.96,9.2,8.93,开,0,0,0,0,8660.0,9.53亿,109.46万,0,0,0,价升||阳线,行情收盘价上穿5日,未分类,未分类,0
2026-05-19,603266.SH,天龙股份,20.98,1.4506769825918797,20.7,21.14,20.59,开,0,0,0,0,3731.0,1.78亿,41.73万,0,0,0,价升||阳线,行情收盘价上穿5日,未分类,未分类,0
2026-05-19,603297.SH,永新光学,142.94,1.44783534421575,140.1,146.55,139.99,开,0,0,0,0,16266.0,1.13亿,158.28万,0,0,0,价升||阳线,行情收盘价上穿5日,未分类,未分类,0
2026-05-19,603258.SH,电魂网络,16.14,1.4456316781898204,15.95,16.24,15.89,开,0,0,0,0,1732.0,1.07亿,38.95万,0,0,0,价升||阳线,行情收盘价上穿5日,未分类,未分类,0
2026-05-19,300042.SZ,朗科科技,73.75,1.4442916093535036,71.09,75.77,69.71,开,0,0,0,0,185416.0,25.27亿,147.78万,0,0,0,价升||阳线,行情收盘价上穿5日,未分类,未分类,0
2026-05-19,600055.SH,万东医疗,13.43,1.43504531722054,13.27,13.53,13.22,开,0,0,0,0,2792.0,2.08亿,94.42万,0,0,0,价升||阳线,行情收盘价上穿5日,未分类,未分类,0
2026-05-19,300188.SZ,国投智能,12.73,1.434262948207169,12.53,12.79,12.45,开,0,0,0,0,5449.0,4.29亿,108.91万,0,0,0,价升||阳线,行情收盘价上穿5日,未分类,未分类,0
2026-05-19,000048.SZ,京基智农,14.16,1.4326647564469863,14.0,14.18,13.85,开,0,0,0,0,3691.0,2.64亿,75.02万,0,0,0,价升||阳线,行情收盘价上穿5日,未分类,未分类,0
2026-05-19,601107.SH,四川成渝,6.45,1.4150943396226392,6.4,6.47,6.38,开,0,0,0,0,2415.0,3.75亿,139.50万,0,0,0,价升||阳线,行情收盘价上穿5日,未分类,未分类,0
2026-05-19,600168.SH,武汉控股,5.02,1.414141414141402,4.94,5.02,4.93,开,0,0,0,0,1588.0,3.18亿,49.87万,0,0,0,价升||阳线,行情收盘价上穿5日,未分类,未分类,0
2026-05-19,688088.SH,虹软科技,44.78,1.4039855072463872,44.42,45.32,44.01,开,0,0,0,0,22664.0,504.93亿,179.64万,0,0,0,价升||阳线,行情收盘价上穿5日,未分类,未分类,0
2026-05-19,603215.SH,比依股份,17.41,1.3977868375072708,17.07,17.5,17.0,开,0,0,0,0,1608.0,9292.00万,32.60万,0,0,0,价升||阳线,行情收盘价上穿5日,未分类,未分类,0
2026-05-19,600037.SH,歌华有线,8.01,1.392405063291132,7.86,8.08,7.8,开,0,0,0,0,6860.0,8.58亿,111.48万,0,0,0,价升||阳线,行情收盘价上穿5日,未分类,未分类,0
2026-05-19,605166.SH,聚合顺,11.66,1.3913043478260883,11.65,11.77,11.51,开,0,0,0,0,2647.0,2.27亿,36.70万,0,0,0,价升||阳线,行情收盘价上穿5日,未分类,未分类,0
2026-05-19,002053.SZ,云南能投,12.4,1.3900245298446436,12.21,12.48,12.12,开,0,0,0,0,6164.0,4.99亿,114.17万,0,0,0,价升||阳线,行情收盘价上穿5日,未分类,未分类,0
2026-05-19,300079.SZ,数码视讯,5.85,1.3864818024263446,5.77,5.88,5.74,开,0,0,0,0,9486.0,16.23亿,74.97万,0,0,0,价升||阳线,行情收盘价上穿5日,未分类,未分类,0
2026-05-19,603188.SH,亚邦股份,5.13,1.3833992094861718,5.09,5.16,5.07,开,0,0,0,0,2455.0,4.79亿,29.25万,0,0,0,价升||阳线,行情收盘价上穿5日,未分类,未分类,0
2026-05-19,603039.SH,泛微网络,48.07,1.3707296499367325,47.7,48.44,47.34,开,0,0,0,0,17838.0,3.72亿,123.24万,0,0,0,价升||阳线,行情收盘价上穿5日,未分类,未分类,0
2026-05-19,300268.SZ,佳沃食品,14.06,1.3698630136986394,13.75,14.66,13.75,开,0,0,0,0,2566.0,1.81亿,18.80万,0,0,0,价升||阳线,行情收盘价上穿5日,未分类,未分类,0
2026-05-19,300051.SZ,琏升科技,15.62,1.3627514600908441,15.4,16.41,15.36,开,0,0,0,0,17393.0,10.94亿,57.39万,0,0,0,价升||阳线,行情收盘价上穿5日,未分类,未分类,0
2026-05-19,300204.SZ,舒泰神,26.78,1.3626040878122612,26.78,27.3,26.52,开,0,0,0,0,22675.0,8.44亿,121.49万,0,0,0,价升,行情收盘价上穿5日,未分类,未分类,0
2026-05-19,300030.SZ,阳普医疗,8.2,1.3597033374536394,8.11,8.25,8.11,开,0,0,0,0,1975.0,2.41亿,22.32万,0,0,0,价升||阳线,行情收盘价上穿5日,未分类,未分类,0
2026-05-19,002030.SZ,达安基因,6.73,1.3554216867469993,6.64,6.81,6.53,开,0,0,0,0,54555.0,81.47亿,94.45万,0,0,0,价升||阳线,行情收盘价上穿5日,未分类,未分类,0
2026-05-19,603255.SH,鼎际得,33.36,1.3365735115431279,32.9,33.72,32.9,开,0,0,0,0,2597.0,7794.00万,20.24万,0,0,0,价升||阳线,行情收盘价上穿5日,未分类,未分类,0
2026-05-19,603020.SH,爱普股份,10.62,1.3358778625954082,10.56,10.64,10.5,开,0,0,0,0,1912.0,1.81亿,39.89万,0,0,0,价升||阳线,行情收盘价上穿5日,未分类,未分类,0
2026-05-19,605100.SH,华丰股份,53.89,1.335088379089885,53.21,54.1,52.9,开,0,0,0,0,7405.0,1.38亿,91.58万,0,0,0,价升||阳线,行情收盘价上穿5日,未分类,未分类,0
2026-05-19,300067.SZ,安诺其,6.86,1.3293943870014882,6.75,7.05,6.66,开,0,0,0,0,32000.0,46.31亿,64.30万,0,0,0,价升||阳线,行情收盘价上穿5日,未分类,未分类,0
2026-05-19,600163.SH,中闽能源,6.89,1.3235294117647038,6.76,6.96,6.64,开,0,0,0,0,17685.0,25.90亿,131.12万,0,0,0,价升||阳线,行情收盘价上穿5日,未分类,未分类,0
2026-05-19,300299.SZ,富春股份,6.28,1.2903225806451624,6.19,6.32,6.15,开,0,0,0,0,4541.0,7.24亿,43.28万,0,0,0,价升||阳线,行情收盘价上穿5日,未分类,未分类,0
2026-05-19,000159.SZ,国际实业,7.08,1.2875536480686673,6.99,7.4,6.99,开,0,0,0,0,23726.0,32.96亿,34.03万,0,0,0,价升||阳线,行情收盘价上穿5日,未分类,未分类,0
2026-05-19,002205.SZ,国统股份,14.17,1.2866333095067886,14.13,14.49,14.11,开,0,0,0,0,1933.0,1.36亿,26.33万,0,0,0,价升||阳线,行情收盘价上穿5日,未分类,未分类,0
2026-05-19,000029.SZ,深深房Ａ,30.2,1.2743125419181722,30.22,31.11,29.85,开,0,0,0,0,20214.0,6.65亿,269.28万,0,0,0,价升||阴线,行情收盘价上穿5日,未分类,未分类,0
2026-05-19,603201.SH,常润股份,15.95,1.2698412698412653,15.75,15.95,15.73,开,0,0,0,0,716.0,4513.00万,30.04万,0,0,0,价升||阳线,行情收盘价上穿5日,未分类,未分类,0
2026-05-19,688147.SH,微导纳米,86.99,1.2689173457508605,85.62,88.2,83.35,开,0,0,0,0,30755.0,356.55亿,401.16万,0,0,0,价升||阳线,行情收盘价上穿5日,未分类,未分类,0
2026-05-19,002269.SZ,美邦服饰,1.6,1.2658227848101276,1.58,1.61,1.57,开,0,0,0,0,3142.0,19.67亿,37.50万,0,0,0,价升||阳线,行情收盘价上穿5日,未分类,未分类,0
2026-05-19,002197.SZ,证通电子,8.0,1.265822784810122,7.9,8.05,7.85,开,0,0,0,0,6704.0,8.40亿,42.72万,0,0,0,价升||阳线,行情收盘价上穿5日,未分类,未分类,0
2026-05-19,601166.SH,兴业银行,17.67,1.2607449856733663,17.45,17.7,17.45,开,0,0,0,0,69634.0,39.56亿,3739.48万,0,0,0,价升||阳线,行情收盘价上穿5日,未分类,未分类,0
2026-05-19,300158.SZ,振东制药,5.64,1.2567324955116588,5.57,5.66,5.55,开,0,0,0,0,1616.0,2.87亿,55.92万,0,0,0,价升||阳线,行情收盘价上穿5日,未分类,未分类,0
2026-05-19,601177.SH,杭齿前进,17.04,1.2477718360071353,16.83,17.09,16.65,开,0,0,0,0,10194.0,6.02亿,68.17万,0,0,0,价升||阳线,行情收盘价上穿5日,未分类,未分类,0
2026-05-19,002183.SZ,怡 亚 通,7.34,1.2413793103448256,7.2,7.52,7.16,开,0,0,0,0,62731.0,84.78亿,190.62万,0,0,0,价升||阳线,行情收盘价上穿5日,未分类,未分类,0
2026-05-19,002226.SZ,江南化工,5.71,1.2411347517730547,5.64,5.72,5.57,开,0,0,0,0,7834.0,13.86亿,151.25万,0,0,0,价升||阳线,行情收盘价上穿5日,未分类,未分类,0
2026-05-19,600250.SH,南京商旅,10.0,1.214574898785417,9.87,10.07,9.84,开,0,0,0,0,3975.0,3.97亿,31.28万,0,0,0,价升||阳线,行情收盘价上穿5日,未分类,未分类,0
2026-05-19,600271.SH,航天信息,8.38,1.2077294685990512,8.28,8.53,8.25,开,0,0,0,0,6713.0,8.00亿,155.27万,0,0,0,价升||阳线,行情收盘价上穿5日,未分类,未分类,0
2026-05-19,002088.SZ,鲁阳节能,9.25,1.2035010940918973,9.14,9.33,9.1,开,0,0,0,0,1170.0,1.26亿,46.78万,0,0,0,价升||阳线,行情收盘价上穿5日,未分类,未分类,0
2026-05-19,002298.SZ,中电鑫龙,11.87,1.1935208866155056,11.55,12.01,11.4,开,0,0,0,0,55385.0,47.13亿,78.43万,0,0,0,价升||阳线,行情收盘价上穿5日,未分类,未分类,0
2026-05-19,601058.SH,赛轮轮胎,12.73,1.192368839427666,12.6,12.78,12.54,开,0,0,0,0,12085.0,9.54亿,418.58万,0,0,0,价升||阳线,行情收盘价上穿5日,未分类,未分类,0
2026-05-19,300105.SZ,龙源技术,6.79,1.1922503725782425,6.67,6.8,6.67,开,0,0,0,0,1987.0,2.94亿,35.00万,0,0,0,价升||阳线,行情收盘价上穿5日,未分类,未分类,0
2026-05-19,300264.SZ,佳创视讯,10.2,1.1904761904761827,10.0,10.41,9.73,开,0,0,0,0,11773.0,11.58亿,37.78万,0,0,0,价升||阳线,行情收盘价上穿5日,未分类,未分类,0
2026-05-19,605077.SH,华康股份,18.73,1.1885467314964822,18.69,19.28,18.62,开,0,0,0,0,14682.0,7.75亿,56.08万,0,0,0,价升||阳线,行情收盘价上穿5日,未分类,未分类,0
2026-05-19,600125.SH,铁龙物流,5.97,1.1864406779660914,5.89,5.98,5.87,开,0,0,0,0,2950.0,4.96亿,77.94万,0,0,0,价升||阳线,行情收盘价上穿5日,未分类,未分类,0
2026-05-19,603199.SH,九华旅游,35.88,1.1844331641286003,35.38,35.89,35.33,开,0,0,0,0,2928.0,8210.00万,39.71万,0,0,0,价升||阳线,行情收盘价上穿5日,未分类,未分类,0
2026-05-19,002022.SZ,科华生物,5.98,1.1844331641286003,5.91,6.0,5.87,开,0,0,0,0,3173.0,5.33亿,30.75万,0,0,0,价升||阳线,行情收盘价上穿5日,未分类,未分类,0
2026-05-19,002194.SZ,武汉凡谷,12.93,1.1737089201877964,12.66,13.09,12.6,开,0,0,0,0,32576.0,25.24亿,66.06万,0,0,0,价升||阳线,行情收盘价上穿5日,未分类,未分类,0
2026-05-19,000042.SZ,中洲控股,10.39,1.1684518013632035,10.3,10.49,10.25,开,0,0,0,0,2695.0,2.59亿,69.00万,0,0,0,价升||阳线,行情收盘价上穿5日,未分类,未分类,0
2026-05-19,002103.SZ,广博股份,7.81,1.1658031088082883,7.68,7.84,7.65,开,0,0,0,0,1827.0,2.35亿,30.31万,0,0,0,价升||阳线,行情收盘价上穿5日,未分类,未分类,0
2026-05-19,603037.SH,凯众股份,14.9,1.154107264086897,14.83,15.49,14.58,开,0,0,0,0,11892.0,7.90亿,39.66万,0,0,0,价升||阳线,行情收盘价上穿5日,未分类,未分类,0
2026-05-19,002137.SZ,实益达,8.77,1.1534025374855783,8.68,8.87,8.59,开,0,0,0,0,5189.0,5.92亿,34.77万,0,0,0,价升||阳线,行情收盘价上穿5日,未分类,未分类,0
2026-05-19,000153.SZ,丰原药业,6.2,1.1419249592169702,6.14,6.23,6.1,开,0,0,0,0,1512.0,2.44亿,28.45万,0,0,0,价升||阳线,行情收盘价上穿5日,未分类,未分类,0
2026-05-19,600033.SH,福建高速,3.58,1.12994350282486,3.54,3.58,3.53,开,0,0,0,0,2813.0,7.89亿,98.25万,0,0,0,价升||阳线,行情收盘价上穿5日,未分类,未分类,0
2026-05-19,603113.SH,金能科技,5.38,1.1278195488721732,5.31,5.39,5.29,开,0,0,0,0,1804.0,3.37亿,45.65万,0,0,0,价升||阳线,行情收盘价上穿5日,未分类,未分类,0
2026-05-19,000039.SZ,中集集团,11.66,1.127493495229842,11.56,11.96,11.41,开,0,0,0,0,18202.0,15.52亿,268.34万,0,0,0,价升||阳线,行情收盘价上穿5日,未分类,未分类,0
2026-05-19,605018.SH,长华集团,13.51,1.1227544910179668,13.43,13.69,13.35,开,0,0,0,0,3440.0,2.54亿,63.51万,0,0,0,价升||阳线,行情收盘价上穿5日,未分类,未分类,0
2026-05-19,601298.SH,青岛港,9.01,1.122334455667785,8.94,9.05,8.86,开,0,0,0,0,2970.0,3.30亿,485.83万,0,0,0,价升||阳线,行情收盘价上穿5日,未分类,未分类,0
2026-05-19,000166.SZ,申万宏源,4.52,1.1185682326621884,4.46,4.52,4.45,开,0,0,0,0,14946.0,33.26亿,1018.60万,0,0,0,价升||阳线,行情收盘价上穿5日,未分类,未分类,0
2026-05-19,002037.SZ,保利联合,8.18,1.1124845488257091,8.14,8.24,8.11,开,0,0,0,0,2159.0,2.64亿,39.58万,0,0,0,价升||阳线,行情收盘价上穿5日,未分类,未分类,0
2026-05-19,601018.SH,宁波港,3.65,1.1080332409972309,3.6,3.67,3.6,开,0,0,0,0,7860.0,21.56亿,710.09万,0,0,0,价升||阳线,行情收盘价上穿5日,未分类,未分类,0
2026-05-19,601019.SH,山东出版,7.33,1.1034482758620698,7.26,7.36,7.24,开,0,0,0,0,2312.0,3.16亿,152.97万,0,0,0,价升||阳线,行情收盘价上穿5日,未分类,未分类,0
2026-05-19,002172.SZ,澳洋健康,3.67,1.1019283746556485,3.63,3.7,3.62,开,0,0,0,0,2361.0,6.44亿,28.08万,0,0,0,价升||阳线,行情收盘价上穿5日,未分类,未分类,0
2026-05-19,603219.SH,富佳股份,18.38,1.1001100110010962,18.05,18.68,18.05,开,0,0,0,0,6933.0,3.76亿,103.19万,0,0,0,价升||阳线,行情收盘价上穿5日,未分类,未分类,0
2026-05-19,600162.SH,香江控股,1.84,1.0989010989010999,1.82,1.86,1.82,开,0,0,0,0,2709.0,14.73亿,60.14万,0,0,0,价升||阳线,行情收盘价上穿5日,未分类,未分类,0
2026-05-19,002117.SZ,东港股份,10.15,1.0956175298804902,10.0,10.18,9.96,开,0,0,0,0,3353.0,3.32亿,53.14万,0,0,0,价升||阳线,行情收盘价上穿5日,未分类,未分类,0
2026-05-19,300226.SZ,上海钢联,25.01,1.0913500404203846,24.65,25.2,24.65,开,0,0,0,0,6928.0,2.77亿,76.64万,0,0,0,价升||阳线,行情收盘价上穿5日,未分类,未分类,0
2026-05-19,002275.SZ,桂林三金,13.9,1.0909090909090935,13.75,13.91,13.71,开,0,0,0,0,1017.0,7344.00万,77.44万,0,0,0,价升||阳线,行情收盘价上穿5日,未分类,未分类,0
2026-05-19,002218.SZ,拓日新能,5.56,1.090909090909084,5.58,5.74,5.51,开,0,0,0,0,22940.0,40.77亿,77.15万,0,0,0,价升||阴线,行情收盘价上穿5日,未分类,未分类,0
2026-05-19,688165.SH,埃夫特-U,20.44,1.0880316518298834,20.19,20.56,20.02,开,0,0,0,0,11984.0,589.58亿,106.65万,0,0,0,价升||阳线,行情收盘价上穿5日,未分类,未分类,0
2026-05-19,603029.SH,天鹅股份,19.53,1.0869565217391348,19.32,19.63,19.32,开,0,0,0,0,1422.0,7289.00万,23.70万,0,0,0,价升||阳线,行情收盘价上穿5日,未分类,未分类,0
2026-05-19,300027.SZ,ST华谊,1.86,1.0869565217391313,1.84,1.87,1.81,开,0,0,0,0,5422.0,29.43亿,47.73万,0,0,0,价升||阳线,行情收盘价上穿5日,未分类,未分类,0
2026-05-19,300261.SZ,雅本化学,5.59,1.0849909584086728,5.55,5.62,5.53,开,0,0,0,0,1942.0,3.47亿,52.70万,0,0,0,价升||阳线,行情收盘价上穿5日,未分类,未分类,0
2026-05-19,601155.SH,新城控股,13.98,1.0845986984815643,13.81,14.2,13.79,开,0,0,0,0,10696.0,7.62亿,315.34万,0,0,0,价升||阳线,行情收盘价上穿5日,未分类,未分类,0
2026-05-19,002186.SZ,全 聚 德,10.28,1.0816125860373593,10.15,10.31,10.1,开,0,0,0,0,1243.0,1.21亿,31.54万,0,0,0,价升||阳线,行情收盘价上穿5日,未分类,未分类,0
2026-05-19,300298.SZ,三诺生物,16.88,1.0778443113772438,16.66,16.99,16.66,开,0,0,0,0,3244.0,1.92亿,76.11万,0,0,0,价升||阳线,行情收盘价上穿5日,未分类,未分类,0
2026-05-19,002065.SZ,东华软件,8.46,1.0752688172043208,8.42,8.53,8.36,开,0,0,0,0,13441.0,15.85亿,246.01万,0,0,0,价升||阳线,行情收盘价上穿5日,未分类,未分类,0
2026-05-19,600182.SH,S佳通,14.11,1.0744985673352332,14.09,14.16,13.95,开,0,0,0,0,1144.0,8138.00万,23.99万,0,0,0,价升||阳线,行情收盘价上穿5日,未分类,未分类,0
2026-05-19,002095.SZ,生 意 宝,16.02,1.0725552050473182,15.85,16.12,15.81,开,0,0,0,0,1511.0,9434.00万,40.32万,0,0,0,价升||阳线,行情收盘价上穿5日,未分类,未分类,0
2026-05-19,603055.SH,台华新材,8.5,1.0701545778834702,8.4,8.57,8.36,开,0,0,0,0,2529.0,2.99亿,75.40万,0,0,0,价升||阳线,行情收盘价上穿5日,未分类,未分类,0
2026-05-19,688032.SH,禾迈股份,112.62,1.0679350264740175,111.5,114.8,111.43,开,0,0,0,0,11098.0,97.84亿,139.73万,0,0,0,价升||阳线,行情收盘价上穿5日,未分类,未分类,0
2026-05-19,603111.SH,康尼机电,6.64,1.065449010654481,6.57,6.64,6.55,开,0,0,0,0,767.0,1.16亿,56.63万,0,0,0,价升||阳线,行情收盘价上穿5日,未分类,未分类,0
2026-05-19,603230.SH,内蒙新华,10.46,1.0628019323671614,10.34,10.46,10.31,开,0,0,0,0,623.0,5989.00万,36.98万,0,0,0,价升||阳线,行情收盘价上穿5日,未分类,未分类,0
2026-05-19,605108.SH,同庆楼,14.3,1.0600706713780943,14.3,14.32,14.2,开,0,0,0,0,1197.0,8382.00万,37.18万,0,0,0,价升,行情收盘价上穿5日,未分类,未分类,0
2026-05-19,603028.SH,赛福天,9.58,1.0548523206751017,9.6,10.08,9.5,开,0,0,0,0,6733.0,6.88亿,27.23万,0,0,0,价升||阴线,行情收盘价上穿5日,未分类,未分类,0
2026-05-19,600082.SH,ST海泰,3.84,1.0526315789473695,3.81,3.94,3.81,开,0,0,0,0,3171.0,8.18亿,24.36万,0,0,0,价升||阳线,行情收盘价上穿5日,未分类,未分类,0
2026-05-19,600081.SH,东风科技,12.53,1.0483870967741855,12.3,12.86,12.3,开,0,0,0,0,8346.0,6.66亿,69.29万,0,0,0,价升||阳线,行情收盘价上穿5日,未分类,未分类,0
2026-05-19,600235.SH,民丰特纸,6.77,1.044776119402976,6.7,6.81,6.7,开,0,0,0,0,1396.0,2.06亿,23.78万,0,0,0,价升||阳线,行情收盘价上穿5日,未分类,未分类,0
2026-05-19,603191.SH,望变电气,22.41,1.036970243462581,22.2,22.84,21.8,开,0,0,0,0,41330.0,18.49亿,73.95万,0,0,0,价升||阳线,行情收盘价上穿5日,未分类,未分类,0
2026-05-19,002247.SZ,聚力文化,2.93,1.0344827586206984,2.93,2.96,2.91,开,0,0,0,0,3252.0,11.07亿,18.86万,0,0,0,价升,行情收盘价上穿5日,未分类,未分类,0
2026-05-19,603120.SH,肯特催化,53.83,1.0322822822822768,53.18,53.98,52.31,开,0,0,0,0,8256.0,1.56亿,20.40万,0,0,0,价升||阳线,行情收盘价上穿5日,未分类,未分类,0
2026-05-19,002291.SZ,遥望科技,6.87,1.0294117647058865,6.75,6.92,6.73,开,0,0,0,0,13744.0,20.00亿,59.71万,0,0,0,价升||阳线,行情收盘价上穿5日,未分类,未分类,0
2026-05-19,300275.SZ,梅安森,10.82,1.0270774976657275,10.7,10.91,10.63,开,0,0,0,0,2717.0,2.51亿,29.37万,0,0,0,价升||阳线,行情收盘价上穿5日,未分类,未分类,0
2026-05-19,688111.SH,金山办公,255.78,1.0229471938070238,252.78,257.7,252.0,开,0,0,0,0,67506.0,264.16亿,1185.21万,0,0,0,价升||阳线,行情收盘价上穿5日,未分类,未分类,0
2026-05-19,688009.SH,中国通号,4.94,1.022494887525577,4.89,4.95,4.88,开,0,0,0,0,4968.0,1007.23亿,425.88万,0,0,0,价升||阳线,行情收盘价上穿5日,未分类,未分类,0
2026-05-19,002003.SZ,伟星股份,9.88,1.022494887525577,9.8,9.9,9.77,开,0,0,0,0,1981.0,2.01亿,100.98万,0,0,0,价升||阳线,行情收盘价上穿5日,未分类,未分类,0
2026-05-19,300110.SZ,华仁药业,3.0,1.0101010101010035,2.98,3.02,2.97,开,0,0,0,0,1826.0,6.08亿,35.44万,0,0,0,价升||阳线,行情收盘价上穿5日,未分类,未分类,0
2026-05-19,600128.SH,苏豪弘业,10.04,1.0060362173038195,9.99,10.08,9.93,开,0,0,0,0,1254.0,1.25亿,24.78万,0,0,0,价升||阳线,行情收盘价上穿5日,未分类,未分类,0
2026-05-19,300016.SZ,北陆药业,9.04,1.0055865921787694,8.95,9.13,8.92,开,0,0,0,0,5302.0,5.87亿,50.82万,0,0,0,价升||阳线,行情收盘价上穿5日,未分类,未分类,0
2026-05-19,600148.SH,长春一东,19.15,1.002109704641338,19.13,19.25,18.79,开,0,0,0,0,1075.0,5622.00万,27.10万,0,0,0,价升||阳线,行情收盘价上穿5日,未分类,未分类,0
2026-05-19,002211.SZ,ST宏达,4.05,0.9975062344139661,4.03,4.11,3.98,开,0,0,0,0,1231.0,3.03亿,17.52万,0,0,0,价升||阳线,行情收盘价上穿5日,未分类,未分类,0
2026-05-19,603065.SH,宿迁联盛,8.11,0.9962640099626411,8.05,8.15,8.03,开,0,0,0,0,648.0,7985.00万,33.98万,0,0,0,价升||阳线,行情收盘价上穿5日,未分类,未分类,0
2026-05-19,300180.SZ,华峰超纤,5.08,0.9940357852882667,5.04,5.11,5.02,开,0,0,0,0,3702.0,7.28亿,87.00万,0,0,0,价升||阳线,行情收盘价上穿5日,未分类,未分类,0
2026-05-19,603079.SH,圣达生物,15.38,0.9848982271831934,15.22,15.46,15.22,开,0,0,0,0,811.0,5275.00万,29.07万,0,0,0,价升||阳线,行情收盘价上穿5日,未分类,未分类,0
2026-05-19,601225.SH,陕西煤业,24.63,0.9840098400983945,24.26,24.75,24.18,开,0,0,0,0,31701.0,12.92亿,2387.88万,0,0,0,价升||阳线,行情收盘价上穿5日,未分类,未分类,0
2026-05-19,300144.SZ,宋城演艺,7.22,0.9790209790209706,7.16,7.28,7.16,开,0,0,0,0,7847.0,10.87亿,187.53万,0,0,0,价升||阳线,行情收盘价上穿5日,未分类,未分类,0
2026-05-19,603073.SH,彩蝶实业,20.79,0.97134531325886,20.87,20.97,20.41,开,0,0,0,0,1453.0,6981.00万,10.58万,0,0,0,价升||阴线,行情收盘价上穿5日,未分类,未分类,0
2026-05-19,603180.SH,金牌家居,18.8,0.9667024704618674,18.67,18.89,18.54,开,0,0,0,0,892.0,4748.00万,29.00万,0,0,0,价升||阳线,行情收盘价上穿5日,未分类,未分类,0
2026-05-19,688031.SH,星环科技-U,124.87,0.9621604139715375,123.99,128.31,121.03,开,0,0,0,0,28255.0,223.87亿,151.26万,0,0,0,价升||阳线,行情收盘价上穿5日,未分类,未分类,0
2026-05-19,300155.SZ,安居宝,5.25,0.9615384615384581,5.2,5.3,5.2,开,0,0,0,0,1595.0,3.03亿,17.30万,0,0,0,价升||阳线,行情收盘价上穿5日,未分类,未分类,0
2026-05-19,601228.SH,广州港,3.16,0.9584664536741293,3.12,3.17,3.12,开,0,0,0,0,3261.0,10.35亿,238.41万,0,0,0,价升||阳线,行情收盘价上穿5日,未分类,未分类,0
2026-05-19,002138.SZ,顺络电子,37.04,0.9539384028345638,36.5,38.2,36.22,开,0,0,0,0,51812.0,13.87亿,280.21万,0,0,0,价升||阳线,行情收盘价上穿5日,未分类,未分类,0
2026-05-19,002043.SZ,兔 宝 宝,13.85,0.9475218658892056,13.5,13.89,13.33,开,0,0,0,0,7469.0,5.45亿,111.84万,0,0,0,价升||阳线,行情收盘价上穿5日,未分类,未分类,0
2026-05-19,000027.SZ,深圳能源,7.48,0.9446693657220012,7.42,7.56,7.33,开,0,0,0,0,16514.0,22.10亿,355.85万,0,0,0,价升||阳线,行情收盘价上穿5日,未分类,未分类,0
2026-05-19,603282.SH,亚光股份,18.28,0.9387078961899599,18.11,18.39,18.02,开,0,0,0,0,893.0,4889.00万,24.46万,0,0,0,价升||阳线,行情收盘价上穿5日,未分类,未分类,0
2026-05-19,603099.SH,长白山,37.75,0.9358288770053516,37.2,37.94,37.12,开,0,0,0,0,8348.0,2.22亿,102.81万,0,0,0,价升||阳线,行情收盘价上穿5日,未分类,未分类,0
2026-05-19,600121.SH,郑州煤电,4.32,0.9345794392523372,4.27,4.37,4.2,开,0,0,0,0,11721.0,27.15亿,52.64万,0,0,0,价升||阳线,行情收盘价上穿5日,未分类,未分类,0
2026-05-19,002110.SZ,三钢闽光,3.25,0.9316770186335344,3.23,3.3,3.2,开,0,0,0,0,3091.0,9.48亿,78.94万,0,0,0,价升||阳线,行情收盘价上穿5日,未分类,未分类,0
2026-05-19,600057.SH,厦门象屿,6.5,0.9316770186335344,6.44,6.53,6.41,开,0,0,0,0,4084.0,6.30亿,136.01万,0,0,0,价升||阳线,行情收盘价上穿5日,未分类,未分类,0
2026-05-19,605266.SH,健之佳,19.55,0.9292720702116661,19.37,19.62,19.18,开,0,0,0,0,1262.0,6463.00万,30.21万,0,0,0,价升||阳线,行情收盘价上穿5日,未分类,未分类,0
2026-05-19,688177.SH,百奥泰,19.64,0.9249743062692687,19.85,20.83,19.59,开,0,0,0,0,2981.0,149.43亿,81.33万,0,0,0,价升||阴线,行情收盘价上穿5日,未分类,未分类,0
2026-05-19,002036.SZ,联创电子,8.73,0.9248554913294805,8.82,8.94,8.67,开,0,0,0,0,18099.0,20.56亿,92.14万,0,0,0,价升||阴线,行情收盘价上穿5日,未分类,未分类,0
2026-05-19,600269.SH,赣粤高速,4.38,0.9216589861751161,4.35,4.39,4.34,开,0,0,0,0,1583.0,3.62亿,102.29万,0,0,0,价升||阳线,行情收盘价上穿5日,未分类,未分类,0
2026-05-19,002264.SZ,新 华 都,7.67,0.9210526315789511,7.6,7.73,7.55,开,0,0,0,0,4408.0,5.75亿,50.22万,0,0,0,价升||阳线,行情收盘价上穿5日,未分类,未分类,0
2026-05-19,601188.SH,龙江交通,3.29,0.9202453987730138,3.27,3.3,3.24,开,0,0,0,0,2746.0,8.39亿,42.95万,0,0,0,价升||阳线,行情收盘价上穿5日,未分类,未分类,0
2026-05-19,603106.SH,恒银科技,8.83,0.914285714285715,8.76,8.9,8.76,开,0,0,0,0,1950.0,2.20亿,45.96万,0,0,0,价升||阳线,行情收盘价上穿5日,未分类,未分类,0
2026-05-19,603214.SH,爱婴室,16.59,0.9124087591240788,16.52,16.73,16.52,开,0,0,0,0,1073.0,6443.00万,22.98万,0,0,0,价升||阳线,行情收盘价上穿5日,未分类,未分类,0
2026-05-19,601288.SH,农业银行,6.66,0.9090909090909167,6.61,6.68,6.61,开,0,0,0,0,65205.0,97.94亿,2.13亿,0,0,0,价升||阳线,行情收盘价上穿5日,未分类,未分类,0
2026-05-19,603128.SH,华贸物流,5.57,0.9057971014492883,5.52,5.58,5.51,开,0,0,0,0,1956.0,3.52亿,72.91万,0,0,0,价升||阳线,行情收盘价上穿5日,未分类,未分类,0
2026-05-19,600073.SH,光明肉业,5.57,0.9057971014492883,5.51,5.59,5.51,开,0,0,0,0,1183.0,2.12亿,52.23万,0,0,0,价升||阳线,行情收盘价上穿5日,未分类,未分类,0
2026-05-19,600197.SH,伊力特,12.31,0.9016393442623051,12.17,12.34,12.17,开,0,0,0,0,2916.0,2.37亿,58.25万,0,0,0,价升||阳线,行情收盘价上穿5日,未分类,未分类,0
2026-05-19,600097.SH,开创国际,10.11,0.8982035928143698,10.02,10.17,10.0,开,0,0,0,0,1299.0,1.28亿,24.36万,0,0,0,价升||阳线,行情收盘价上穿5日,未分类,未分类,0
2026-05-19,603127.SH,昭衍新药,39.52,0.8935409752361537,39.52,40.9,39.3,开,0,0,0,0,53335.0,13.33亿,249.12万,0,0,0,价升,行情收盘价上穿5日,未分类,未分类,0
2026-05-19,600265.SH,*ST景谷,21.6,0.8874357776739901,21.42,21.85,21.42,开,0,0,0,0,432.0,1994.00万,28.04万,0,0,0,价升||阳线,行情收盘价上穿5日,未分类,未分类,0
2026-05-19,000088.SZ,盐 田 港,4.56,0.8849557522123902,4.53,4.56,4.52,开,0,0,0,0,3593.0,7.91亿,144.23万,0,0,0,价升||阳线,行情收盘价上穿5日,未分类,未分类,0
2026-05-19,300296.SZ,利亚德,6.86,0.8823529411764779,6.83,6.97,6.78,开,0,0,0,0,54788.0,79.65亿,156.03万,0,0,0,价升||阳线,行情收盘价上穿5日,未分类,未分类,0
2026-05-19,002253.SZ,*ST智胜,11.46,0.8802816901408576,11.41,11.55,11.32,开,0,0,0,0,1303.0,1.14亿,24.06万,0,0,0,价升||阳线,行情收盘价上穿5日,未分类,未分类,0
2026-05-19,300050.SZ,世纪鼎利,8.09,0.872817955112223,7.96,8.29,7.86,开,0,0,0,0,15524.0,19.11亿,44.05万,0,0,0,价升||阳线,行情收盘价上穿5日,未分类,未分类,0
2026-05-19,603022.SH,新通联,11.59,0.8703220191470813,11.49,11.71,11.49,开,0,0,0,0,2126.0,1.83亿,23.18万,0,0,0,价升||阳线,行情收盘价上穿5日,未分类,未分类,0
2026-05-19,603177.SH,德创环保,11.72,0.8605851979346077,11.68,11.94,11.56,开,0,0,0,0,2097.0,1.78亿,23.93万,0,0,0,价升||阳线,行情收盘价上穿5日,未分类,未分类,0
2026-05-19,002116.SZ,中国海诚,9.42,0.856531049250536,9.34,9.44,9.33,开,0,0,0,0,621.0,6600.00万,43.33万,0,0,0,价升||阳线,行情收盘价上穿5日,未分类,未分类,0
2026-05-19,300025.SZ,华星创业,5.91,0.8532423208191096,5.8,5.94,5.79,开,0,0,0,0,3124.0,5.32亿,29.94万,0,0,0,价升||阳线,行情收盘价上穿5日,未分类,未分类,0
2026-05-19,603066.SH,音飞储存,11.84,0.8517887563884127,11.73,11.86,11.73,开,0,0,0,0,2055.0,1.74亿,34.83万,0,0,0,价升||阳线,行情收盘价上穿5日,未分类,未分类,0
2026-05-19,603038.SH,华立股份,16.64,0.8484848484848518,16.3,16.65,16.3,开,0,0,0,0,2335.0,1.41亿,44.71万,0,0,0,价升||阳线,行情收盘价上穿5日,未分类,未分类,0
2026-05-19,002004.SZ,华邦健康,4.76,0.8474576271186449,4.72,4.78,4.71,开,0,0,0,0,2586.0,5.43亿,89.65万,0,0,0,价升||阳线,行情收盘价上穿5日,未分类,未分类,0
2026-05-19,000034.SZ,神州数码,29.89,0.8434547908232118,29.6,30.22,29.24,开,0,0,0,0,57719.0,19.38亿,253.81万,0,0,0,价升||阳线,行情收盘价上穿5日,未分类,未分类,0
2026-05-19,600004.SH,白云机场,8.37,0.8433734939758856,8.31,8.41,8.31,开,0,0,0,0,2796.0,3.34亿,198.09万,0,0,0,价升||阳线,行情收盘价上穿5日,未分类,未分类,0
2026-05-19,601187.SH,厦门银行,7.21,0.8391608391608336,7.17,7.23,7.15,开,0,0,0,0,2349.0,3.26亿,189.87万,0,0,0,价升||阳线,行情收盘价上穿5日,未分类,未分类,0
2026-05-19,603189.SH,*ST网达,13.22,0.8390541571319696,13.04,13.49,13.0,开,0,0,0,0,2772.0,2.09亿,35.63万,0,0,0,价升||阳线,行情收盘价上穿5日,未分类,未分类,0
2026-05-19,002100.SZ,天康生物,7.22,0.837988826815637,7.16,7.29,7.15,开,0,0,0,0,6124.0,8.46亿,98.57万,0,0,0,价升||阳线,行情收盘价上穿5日,未分类,未分类,0
2026-05-19,300218.SZ,安利股份,14.48,0.8356545961002856,14.43,14.58,14.37,开,0,0,0,0,1951.0,1.35亿,31.32万,0,0,0,价升||阳线,行情收盘价上穿5日,未分类,未分类,0
2026-05-19,603284.SH,林平发展,45.86,0.8355321020228729,45.58,46.89,45.58,开,0,0,0,0,1878.0,4075.00万,8.47万,0,0,0,价升||阳线,行情收盘价上穿5日,未分类,未分类,0
2026-05-19,603043.SH,广州酒家,14.5,0.8344923504867816,14.34,14.56,14.33,开,0,0,0,0,1488.0,1.03亿,81.77万,0,0,0,价升||阳线,行情收盘价上穿5日,未分类,未分类,0
2026-05-19,603223.SH,恒通股份,9.71,0.8307372793354109,9.6,9.78,9.58,开,0,0,0,0,4168.0,4.31亿,68.54万,0,0,0,价升||阳线,行情收盘价上穿5日,未分类,未分类,0
2026-05-19,601022.SH,宁波远洋,8.51,0.8293838862559275,8.44,8.57,8.44,开,0,0,0,0,1471.0,1.73亿,111.36万,0,0,0,价升||阳线,行情收盘价上穿5日,未分类,未分类,0
2026-05-19,603092.SH,德力佳,75.72,0.8255659121171831,75.1,76.95,74.65,开,0,0,0,0,7199.0,9489.00万,26.18万,0,0,0,价升||阳线,行情收盘价上穿5日,未分类,未分类,0
2026-05-19,605007.SH,五洲特纸,14.7,0.8230452674897066,14.5,14.8,14.48,开,0,0,0,0,2206.0,1.50亿,59.03万,0,0,0,价升||阳线,行情收盘价上穿5日,未分类,未分类,0
2026-05-19,603182.SH,嘉华股份,14.71,0.822481151473619,14.67,14.85,14.59,开,0,0,0,0,1242.0,8421.00万,24.21万,0,0,0,价升||阳线,行情收盘价上穿5日,未分类,未分类,0
2026-05-19,000002.SZ,万  科Ａ,3.71,0.8152173913043425,3.68,3.73,3.67,开,0,0,0,0,14172.0,38.27亿,360.50万,0,0,0,价升||阳线,行情收盘价上穿5日,未分类,未分类,0
2026-05-19,300283.SZ,温州宏丰,17.4,0.811123986095,16.9,18.05,16.73,开,0,0,0,0,80776.0,46.03亿,63.90万,0,0,0,价升||阳线,行情收盘价上穿5日,未分类,未分类,0
2026-05-19,300086.SZ,康芝药业,7.51,0.8053691275167733,7.5,7.59,7.45,开,0,0,0,0,2969.0,3.95亿,33.09万,0,0,0,价升||阳线,行情收盘价上穿5日,未分类,未分类,0
2026-05-19,688084.SH,晶品特装,63.84,0.8053055423969764,63.33,65.0,63.15,开,0,0,0,0,3188.0,49.62亿,48.30万,0,0,0,价升||阳线,行情收盘价上穿5日,未分类,未分类,0
2026-05-19,000055.SZ,方大集团,3.77,0.8021390374331497,3.82,3.83,3.73,开,0,0,0,0,3717.0,9.85亿,25.48万,0,0,0,价升||阴线,行情收盘价上穿5日,未分类,未分类,0
2026-05-19,688081.SH,兴图新科,56.81,0.7984386089425175,57.07,58.0,55.31,开,0,0,0,0,4823.0,84.34亿,58.54万,0,0,0,价升||阴线,行情收盘价上穿5日,未分类,未分类,0
2026-05-19,603136.SH,天目湖,10.17,0.7928642220019828,10.09,10.19,10.06,开,0,0,0,0,1095.0,1.08亿,27.47万,0,0,0,价升||阳线,行情收盘价上穿5日,未分类,未分类,0
2026-05-19,603018.SH,华设集团,7.63,0.7926023778071282,7.52,7.66,7.51,开,0,0,0,0,1640.0,2.15亿,52.17万,0,0,0,价升||阳线,行情收盘价上穿5日,未分类,未分类,0
2026-05-19,002236.SZ,大华股份,17.91,0.7878446820483994,17.88,18.16,17.71,开,0,0,0,0,31374.0,17.42亿,428.25万,0,0,0,价升||阳线,行情收盘价上穿5日,未分类,未分类,0
2026-05-19,600035.SH,楚天高速,3.87,0.7812500000000066,3.84,3.88,3.83,开,0,0,0,0,1837.0,4.75亿,62.31万,0,0,0,价升||阳线,行情收盘价上穿5日,未分类,未分类,0
2026-05-19,600061.SH,国投资本,6.48,0.7776049766718618,6.43,6.49,6.31,开,0,0,0,0,7569.0,11.73亿,414.33万,0,0,0,价升||阳线,行情收盘价上穿5日,未分类,未分类,0
2026-05-19,300192.SZ,科德教育,19.44,0.7776049766718618,19.49,19.78,19.3,开,0,0,0,0,6272.0,3.20亿,63.11万,0,0,0,价升||阴线,行情收盘价上穿5日,未分类,未分类,0
2026-05-19,002033.SZ,丽江股份,9.09,0.7760532150776085,9.02,9.15,8.99,开,0,0,0,0,6343.0,6.99亿,49.95万,0,0,0,价升||阳线,行情收盘价上穿5日,未分类,未分类,0
2026-05-19,002119.SZ,康强电子,23.42,0.7745266781411502,22.87,23.74,22.58,开,0,0,0,0,32214.0,13.83亿,87.89万,0,0,0,价升||阳线,行情收盘价上穿5日,未分类,未分类,0
2026-05-19,688058.SH,宝兰德,29.95,0.773889636608346,29.7,30.28,29.42,开,0,0,0,0,1251.0,41.73亿,22.71万,0,0,0,价升||阳线,行情收盘价上穿5日,未分类,未分类,0
2026-05-19,300093.SZ,*ST金刚,21.04,0.7662835249042153,20.85,21.27,20.76,开,0,0,0,0,3102.0,1.48亿,48.60万,0,0,0,价升||阳线,行情收盘价上穿5日,未分类,未分类,0
2026-05-19,601088.SH,中国神华,46.2,0.7633587786259572,45.85,46.29,45.57,开,0,0,0,0,48533.0,10.54亿,7618.86万,0,0,0,价升||阳线,行情收盘价上穿5日,未分类,未分类,0
2026-05-19,605089.SH,味知香,23.9,0.7588532883642484,23.61,24.0,23.61,开,0,0,0,0,689.0,2882.00万,32.98万,0,0,0,价升||阳线,行情收盘价上穿5日,未分类,未分类,0
2026-05-19,600199.SH,金种子酒,7.99,0.7566204287515826,7.93,8.08,7.9,开,0,0,0,0,3760.0,4.68亿,52.56万,0,0,0,价升||阳线,行情收盘价上穿5日,未分类,未分类,0
2026-05-19,300176.SZ,鸿特科技,6.69,0.7530120481927818,6.68,6.75,6.64,开,0,0,0,0,2315.0,3.45亿,25.91万,0,0,0,价升||阳线,行情收盘价上穿5日,未分类,未分类,0
2026-05-19,002105.SZ,信隆健康,6.69,0.7530120481927818,6.66,6.75,6.62,开,0,0,0,0,1484.0,2.22亿,24.38万,0,0,0,价升||阳线,行情收盘价上穿5日,未分类,未分类,0
2026-05-19,300184.SZ,力源信息,14.8,0.7488087134104916,14.95,15.14,14.48,开,0,0,0,0,82606.0,55.50亿,155.99万,0,0,0,价升||阴线,行情收盘价上穿5日,未分类,未分类,0
2026-05-19,300149.SZ,睿智医药,9.47,0.7446808510638327,9.39,9.54,9.38,开,0,0,0,0,3220.0,3.39亿,44.94万,0,0,0,价升||阳线,行情收盘价上穿5日,未分类,未分类,0
2026-05-19,603212.SH,赛伍技术,14.92,0.7427413909520556,14.79,15.26,14.79,开,0,0,0,0,12941.0,8.60亿,65.27万,0,0,0,价升||阳线,行情收盘价上穿5日,未分类,未分类,0
2026-05-19,300041.SZ,回天新材,12.21,0.7425742574257561,12.12,12.45,11.98,开,0,0,0,0,15117.0,12.30亿,66.43万,0,0,0,价升||阳线,行情收盘价上穿5日,未分类,未分类,0
2026-05-19,600078.SH,澄星股份,16.34,0.7398273736128298,16.04,16.8,15.9,开,0,0,0,0,38015.0,23.22亿,108.26万,0,0,0,价升||阳线,行情收盘价上穿5日,未分类,未分类,0
2026-05-19,002230.SZ,科大讯飞,49.07,0.7390679531923617,48.71,49.6,48.35,开,0,0,0,0,120280.0,24.47亿,1074.29万,0,0,0,价升||阳线,行情收盘价上穿5日,未分类,未分类,0
2026-05-19,002144.SZ,宏达高科,13.68,0.7363770250368162,13.66,13.89,13.6,开,0,0,0,0,2160.0,1.57亿,18.83万,0,0,0,价升||阳线,行情收盘价上穿5日,未分类,未分类,0
2026-05-19,603027.SH,千禾味业,8.21,0.736196319018411,8.16,8.26,8.15,开,0,0,0,0,2591.0,3.15亿,102.59万,0,0,0,价升||阳线,行情收盘价上穿5日,未分类,未分类,0
2026-05-19,601108.SH,财通证券,8.24,0.7334963325183435,8.2,8.32,8.19,开,0,0,0,0,11754.0,14.22亿,382.65万,0,0,0,价升||阳线,行情收盘价上穿5日,未分类,未分类,0
2026-05-19,601089.SH,福元医药,19.29,0.7310704960835539,19.15,19.42,19.01,开,0,0,0,0,3034.0,1.58亿,92.59万,0,0,0,价升||阳线,行情收盘价上穿5日,未分类,未分类,0
2026-05-19,300043.SZ,星辉娱乐,5.52,0.7299270072992544,5.45,5.56,5.42,开,0,0,0,0,6819.0,12.36亿,68.64万,0,0,0,价升||阳线,行情收盘价上穿5日,未分类,未分类,0
2026-05-19,002262.SZ,恩华药业,20.72,0.7292173067574068,20.55,20.86,20.51,开,0,0,0,0,6974.0,3.36亿,183.15万,0,0,0,价升||阳线,行情收盘价上穿5日,未分类,未分类,0
2026-05-19,601077.SH,渝农商行,6.91,0.7288629737609303,6.83,6.93,6.83,开,0,0,0,0,5355.0,7.78亿,610.72万,0,0,0,价升||阳线,行情收盘价上穿5日,未分类,未分类,0
2026-05-19,300138.SZ,晨光生物,11.08,0.7272727272727278,11.0,11.13,11.0,开,0,0,0,0,1370.0,1.24亿,44.13万,0,0,0,价升||阳线,行情收盘价上穿5日,未分类,未分类,0
2026-05-19,601009.SH,南京银行,11.08,0.7272727272727278,10.99,11.12,10.99,开,0,0,0,0,17005.0,15.34亿,1369.88万,0,0,0,价升||阳线,行情收盘价上穿5日,未分类,未分类,0
2026-05-19,002287.SZ,奇正藏药,22.16,0.7272727272727278,22.16,22.28,22.01,开,0,0,0,0,1026.0,4623.00万,126.52万,0,0,0,价升,行情收盘价上穿5日,未分类,未分类,0
2026-05-19,603225.SH,新凤鸣,16.74,0.7220216606498041,16.8,16.83,16.51,开,0,0,0,0,7313.0,4.39亿,279.31万,0,0,0,价升||阴线,行情收盘价上穿5日,未分类,未分类,0
2026-05-19,605011.SH,杭州热电,22.4,0.7194244604316554,22.22,22.51,21.88,开,0,0,0,0,4368.0,1.96亿,89.62万,0,0,0,价升||阳线,行情收盘价上穿5日,未分类,未分类,0
2026-05-19,002162.SZ,悦心健康,4.23,0.7142857142857202,4.22,4.25,4.19,开,0,0,0,0,1477.0,3.49亿,38.85万,0,0,0,价升||阳线,行情收盘价上穿5日,未分类,未分类,0
2026-05-19,603176.SH,汇通集团,5.64,0.714285714285715,5.61,5.69,5.58,开,0,0,0,0,835.0,1.48亿,26.05万,0,0,0,价升||阳线,行情收盘价上穿5日,未分类,未分类,0
2026-05-19,002161.SZ,远 望 谷,7.07,0.7122507122507225,7.0,7.27,6.99,开,0,0,0,0,10026.0,14.04亿,52.29万,0,0,0,价升||阳线,行情收盘价上穿5日,未分类,未分类,0
2026-05-19,300075.SZ,数字政通,14.14,0.7122507122507225,13.96,14.25,13.91,开,0,0,0,0,6790.0,4.80亿,72.88万,0,0,0,价升||阳线,行情收盘价上穿5日,未分类,未分类,0
2026-05-19,600059.SH,古越龙山,8.49,0.7117437722419988,8.43,8.58,8.43,开,0,0,0,0,2174.0,2.55亿,77.39万,0,0,0,价升||阳线,行情收盘价上穿5日,未分类,未分类,0
2026-05-19,300011.SZ,鼎汉技术,7.09,0.7102272727272702,7.03,7.16,7.01,开,0,0,0,0,1345.0,1.90亿,35.96万,0,0,0,价升||阳线,行情收盘价上穿5日,未分类,未分类,0
2026-05-19,688078.SH,龙软科技,26.99,0.7089552238805885,26.67,27.25,26.5,开,0,0,0,0,780.0,28.93亿,19.67万,0,0,0,价升||阳线,行情收盘价上穿5日,未分类,未分类,0
2026-05-19,600195.SH,中牧股份,7.14,0.7052186177715067,7.07,7.18,7.07,开,0,0,0,0,1633.0,2.28亿,72.91万,0,0,0,价升||阳线,行情收盘价上穿5日,未分类,未分类,0
2026-05-19,300272.SZ,开能健康,7.21,0.6983240223463663,7.18,7.29,7.17,开,0,0,0,0,1749.0,2.42亿,33.49万,0,0,0,价升||阳线,行情收盘价上穿5日,未分类,未分类,0
2026-05-19,300205.SZ,*ST天喻,5.77,0.6980802792320968,5.74,5.8,5.69,开,0,0,0,0,680.0,1.19亿,24.81万,0,0,0,价升||阳线,行情收盘价上穿5日,未分类,未分类,0
2026-05-19,002152.SZ,广电运通,11.54,0.6980802792320968,11.47,11.65,11.39,开,0,0,0,0,11276.0,9.76亿,286.44万,0,0,0,价升||阳线,行情收盘价上穿5日,未分类,未分类,0
2026-05-19,605001.SH,威奥股份,7.22,0.6973500697350046,7.17,7.26,7.11,开,0,0,0,0,1156.0,1.60亿,28.37万,0,0,0,价升||阳线,行情收盘价上穿5日,未分类,未分类,0
2026-05-19,002122.SZ,ST汇洲,2.89,0.6968641114982584,2.87,2.91,2.86,开,0,0,0,0,2018.0,6.98亿,57.45万,0,0,0,价升||阳线,行情收盘价上穿5日,未分类,未分类,0
2026-05-19,002027.SZ,分众传媒,5.79,0.6956521739130441,5.76,5.85,5.73,开,0,0,0,0,35122.0,60.62亿,836.20万,0,0,0,价升||阳线,行情收盘价上穿5日,未分类,未分类,0
2026-05-19,601116.SH,三江购物,13.08,0.6928406466512691,13.02,13.19,12.98,开,0,0,0,0,5724.0,4.37亿,71.64万,0,0,0,价升||阳线,行情收盘价上穿5日,未分类,未分类,0
2026-05-19,002012.SZ,凯恩股份,7.27,0.6925207756232663,7.28,7.32,7.2,开,0,0,0,0,3581.0,4.93亿,34.00万,0,0,0,价升||阴线,行情收盘价上穿5日,未分类,未分类,0
2026-05-19,300294.SZ,博雅生物,16.14,0.6862133499688049,16.0,16.22,16.0,开,0,0,0,0,1942.0,1.20亿,81.39万,0,0,0,价升||阳线,行情收盘价上穿5日,未分类,未分类,0
2026-05-19,605003.SH,众望布艺,27.89,0.6859205776173332,27.7,28.35,27.58,开,0,0,0,0,1032.0,3683.00万,30.68万,0,0,0,价升||阳线,行情收盘价上穿5日,未分类,未分类,0
2026-05-19,300248.SZ,新开普,10.29,0.6849315068493005,10.15,10.42,10.04,开,0,0,0,0,10690.0,10.38亿,42.09万,0,0,0,价升||阳线,行情收盘价上穿5日,未分类,未分类,0
2026-05-19,000017.SZ,深中华A,5.92,0.680272108843538,5.89,5.99,5.89,开,0,0,0,0,1115.0,1.88亿,26.10万,0,0,0,价升||阳线,行情收盘价上穿5日,未分类,未分类,0
2026-05-19,300122.SZ,智飞生物,14.9,0.6756756756756733,14.75,14.99,14.72,开,0,0,0,0,7513.0,5.04亿,210.73万,0,0,0,价升||阳线,行情收盘价上穿5日,未分类,未分类,0
2026-05-19,000028.SZ,国药一致,24.04,0.6700167504187611,23.88,24.11,23.88,开,0,0,0,0,1579.0,6569.00万,114.92万,0,0,0,价升||阳线,行情收盘价上穿5日,未分类,未分类,0
2026-05-19,002091.SZ,江苏国泰,9.02,0.6696428571428428,8.95,9.13,8.92,开,0,0,0,0,8127.0,8.99亿,144.16万,0,0,0,价升||阳线,行情收盘价上穿5日,未分类,未分类,0
2026-05-19,002109.SZ,ST兴化,3.01,0.6688963210702198,2.97,3.03,2.96,开,0,0,0,0,2121.0,7.06亿,38.42万,0,0,0,价升||阳线,行情收盘价上穿5日,未分类,未分类,0
2026-05-19,603205.SH,健尔康,25.63,0.6677140612725772,25.17,25.76,25.17,开,0,0,0,0,606.0,2363.00万,10.60万,0,0,0,价升||阳线,行情收盘价上穿5日,未分类,未分类,0
2026-05-19,603238.SH,诺邦股份,15.18,0.6631299734747986,15.09,15.37,15.01,开,0,0,0,0,2292.0,1.50亿,26.95万,0,0,0,价升||阳线,行情收盘价上穿5日,未分类,未分类,0
2026-05-19,600221.SH,海航控股,1.52,0.6622516556291397,1.51,1.52,1.5,开,0,0,0,0,6376.0,42.14亿,651.25万,0,0,0,价升||阳线,行情收盘价上穿5日,未分类,未分类,0
2026-05-19,603288.SH,海天味业,36.62,0.6597031335898704,36.35,36.99,36.26,开,0,0,0,0,19424.0,5.29亿,2036.29万,0,0,0,价升||阳线,行情收盘价上穿5日,未分类,未分类,0
2026-05-19,000037.SZ,深南电A,10.76,0.6548175865294695,10.7,10.85,10.43,开,0,0,0,0,8934.0,8.39亿,36.47万,0,0,0,价升||阳线,行情收盘价上穿5日,未分类,未分类,0
2026-05-19,601229.SH,上海银行,9.32,0.6479481641468736,9.26,9.36,9.26,开,0,0,0,0,11515.0,12.35亿,1324.28万,0,0,0,价升||阳线,行情收盘价上穿5日,未分类,未分类,0
2026-05-19,600272.SH,开开实业,12.43,0.6477732793522273,12.3,12.49,12.28,开,0,0,0,0,770.0,6189.00万,19.89万,0,0,0,价升||阳线,行情收盘价上穿5日,未分类,未分类,0
2026-05-19,601222.SH,林洋能源,6.26,0.6430868167202578,6.22,6.31,6.17,开,0,0,0,0,5671.0,9.06亿,127.78万,0,0,0,价升||阳线,行情收盘价上穿5日,未分类,未分类,0
2026-05-19,002139.SZ,拓邦股份,11.14,0.6323396567299032,11.08,11.23,11.04,开,0,0,0,0,9378.0,8.40亿,119.32万,0,0,0,价升||阳线,行情收盘价上穿5日,未分类,未分类,0
2026-05-19,688038.SH,中科通达,20.69,0.6322957198443705,20.53,20.9,20.49,开,0,0,0,0,1507.0,72.89亿,24.08万,0,0,0,价升||阳线,行情收盘价上穿5日,未分类,未分类,0
2026-05-19,002101.SZ,广东鸿图,9.59,0.6295907660021038,9.53,9.61,9.51,开,0,0,0,0,1817.0,1.90亿,63.51万,0,0,0,价升||阳线,行情收盘价上穿5日,未分类,未分类,0
2026-05-19,300084.SZ,海默科技,12.79,0.6294256490951872,12.65,12.95,12.53,开,0,0,0,0,8225.0,6.42亿,45.62万,0,0,0,价升||阳线,行情收盘价上穿5日,未分类,未分类,0
2026-05-19,600202.SH,哈空调,6.4,0.6289308176100634,6.41,6.44,6.3,开,0,0,0,0,1821.0,2.84亿,24.53万,0,0,0,价升||阴线,行情收盘价上穿5日,未分类,未分类,0
2026-05-19,603232.SH,格尔软件,19.29,0.6259780907668098,19.15,19.47,19.01,开,0,0,0,0,3912.0,2.03亿,44.62万,0,0,0,价升||阳线,行情收盘价上穿5日,未分类,未分类,0
2026-05-19,601098.SH,中南传媒,11.27,0.6250000000000026,11.18,11.32,11.14,开,0,0,0,0,2347.0,2.08亿,202.41万,0,0,0,价升||阳线,行情收盘价上穿5日,未分类,未分类,0
2026-05-19,601163.SH,三角轮胎,14.54,0.6228373702422135,14.53,14.61,14.47,开,0,0,0,0,1981.0,1.36亿,116.32万,0,0,0,价升||阳线,行情收盘价上穿5日,未分类,未分类,0
2026-05-19,002277.SZ,友阿股份,6.48,0.6211180124223608,6.44,6.53,6.38,开,0,0,0,0,11089.0,17.18亿,90.34万,0,0,0,价升||阳线,行情收盘价上穿5日,未分类,未分类,0
2026-05-19,605158.SH,华达新材,8.1,0.621118012422347,8.15,8.64,8.01,开,0,0,0,0,7122.0,8.60亿,41.43万,0,0,0,价升||阴线,行情收盘价上穿5日,未分类,未分类,0
2026-05-19,603069.SH,海汽集团,18.09,0.6117908787541682,17.98,18.32,17.8,开,0,0,0,0,6094.0,3.38亿,57.16万,0,0,0,价升||阳线,行情收盘价上穿5日,未分类,未分类,0
2026-05-19,002256.SZ,兆新股份,4.94,0.6109979633401272,4.86,4.95,4.73,开,0,0,0,0,22300.0,45.86亿,99.51万,0,0,0,价升||阳线,行情收盘价上穿5日,未分类,未分类,0
2026-05-19,600006.SH,东风股份,6.62,0.6079027355623106,6.56,6.68,6.55,开,0,0,0,0,3312.0,4.99亿,132.40万,0,0,0,价升||阳线,行情收盘价上穿5日,未分类,未分类,0
2026-05-19,688079.SH,美迪凯,18.21,0.607734806629831,17.8,19.12,17.56,开,0,0,0,0,13664.0,739.36亿,73.64万,0,0,0,价升||阳线,行情收盘价上穿5日,未分类,未分类,0
2026-05-19,603286.SH,日盈电子,67.92,0.6073174344541499,67.93,70.4,67.69,开,0,0,0,0,13049.0,1.90亿,78.54万,0,0,0,价升||阴线,行情收盘价上穿5日,未分类,未分类,0
2026-05-19,600056.SH,中国医药,9.99,0.6042296072507604,9.9,10.03,9.9,开,0,0,0,0,4800.0,4.81亿,149.39万,0,0,0,价升||阳线,行情收盘价上穿5日,未分类,未分类,0
2026-05-19,300026.SZ,红日药业,3.33,0.6042296072507558,3.3,3.34,3.3,开,0,0,0,0,2422.0,7.28亿,99.94万,0,0,0,价升||阳线,行情收盘价上穿5日,未分类,未分类,0
2026-05-19,688114.SH,华大智造,52.8,0.5905886835587639,52.4,54.27,52.0,开,0,0,0,0,9424.0,177.14亿,219.46万,0,0,0,价升||阳线,行情收盘价上穿5日,未分类,未分类,0
2026-05-19,000090.SZ,天健集团,3.42,0.5882352941176475,3.41,3.43,3.39,开,0,0,0,0,1508.0,4.43亿,63.90万,0,0,0,价升||阳线,行情收盘价上穿5日,未分类,未分类,0
2026-05-19,300235.SZ,方直科技,13.79,0.5835156819839409,13.73,13.98,13.62,开,0,0,0,0,2575.0,1.86亿,28.01万,0,0,0,价升||阳线,行情收盘价上穿5日,未分类,未分类,0
2026-05-19,300020.SZ,ST银江,3.45,0.5830903790087468,3.46,3.54,3.43,开,0,0,0,0,1887.0,5.41亿,26.45万,0,0,0,价升||阴线,行情收盘价上穿5日,未分类,未分类,0
2026-05-19,300177.SZ,中海达,8.63,0.582750582750591,8.6,8.74,8.56,开,0,0,0,0,4048.0,4.67亿,52.32万,0,0,0,价升||阳线,行情收盘价上穿5日,未分类,未分类,0
2026-05-19,601169.SH,北京银行,5.2,0.5802707930367553,5.17,5.2,5.16,开,0,0,0,0,13041.0,25.16亿,1099.44万,0,0,0,价升||阳线,行情收盘价上穿5日,未分类,未分类,0
2026-05-19,300270.SZ,中威电子,14.01,0.5743000717875095,13.96,14.23,13.84,开,0,0,0,0,4987.0,3.55亿,36.56万,0,0,0,价升||阳线,行情收盘价上穿5日,未分类,未分类,0
2026-05-19,600157.SH,永泰能源,1.76,0.571428571428572,1.75,1.77,1.74,开,0,0,0,0,42138.0,240.10亿,383.99万,0,0,0,价升||阳线,行情收盘价上穿5日,未分类,未分类,0
2026-05-19,002141.SZ,贤丰控股,3.53,0.5698005698005704,3.52,3.6,3.52,开,0,0,0,0,1746.0,4.91亿,36.46万,0,0,0,价升||阳线,行情收盘价上穿5日,未分类,未分类,0
2026-05-19,603208.SH,江山欧派,14.12,0.5698005698005704,13.97,14.15,13.95,开,0,0,0,0,763.0,5423.00万,24.83万,0,0,0,价升||阳线,行情收盘价上穿5日,未分类,未分类,0
2026-05-19,603131.SH,上海沪工,23.28,0.5615550755939636,23.19,23.49,22.88,开,0,0,0,0,11486.0,4.95亿,78.43万,0,0,0,价升||阳线,行情收盘价上穿5日,未分类,未分类,0
2026-05-19,603122.SH,合富中国,14.39,0.5590496156533897,14.3,14.61,14.27,开,0,0,0,0,6907.0,4.78亿,57.28万,0,0,0,价升||阳线,行情收盘价上穿5日,未分类,未分类,0
2026-05-19,603167.SH,渤海轮渡,9.04,0.5561735261401438,9.03,9.05,9.0,开,0,0,0,0,996.0,1.10亿,42.41万,0,0,0,价升||阳线,行情收盘价上穿5日,未分类,未分类,0
2026-05-19,601007.SH,金陵饭店,7.32,0.5494505494505499,7.27,7.36,7.25,开,0,0,0,0,1463.0,2.00亿,28.55万,0,0,0,价升||阳线,行情收盘价上穿5日,未分类,未分类,0
2026-05-19,002293.SZ,罗莱生活,11.12,0.5424954792043284,11.19,11.2,10.81,开,0,0,0,0,3255.0,2.94亿,91.92万,0,0,0,价升||阴线,行情收盘价上穿5日,未分类,未分类,0
2026-05-19,000012.SZ,南  玻Ａ,3.73,0.539083557951483,3.7,3.75,3.69,开,0,0,0,0,1907.0,5.12亿,73.08万,0,0,0,价升||阳线,行情收盘价上穿5日,未分类,未分类,0
2026-05-19,002035.SZ,华帝股份,5.6,0.5385996409335612,5.57,5.61,5.52,开,0,0,0,0,1313.0,2.35亿,43.79万,0,0,0,价升||阳线,行情收盘价上穿5日,未分类,未分类,0
2026-05-19,002069.SZ,獐子岛,3.75,0.5361930294906171,3.73,3.77,3.7,开,0,0,0,0,1273.0,3.39亿,26.63万,0,0,0,价升||阳线,行情收盘价上穿5日,未分类,未分类,0
2026-05-19,002250.SZ,联化科技,15.06,0.5340453938584784,15.03,15.21,14.88,开,0,0,0,0,6489.0,4.30亿,134.78万,0,0,0,价升||阳线,行情收盘价上穿5日,未分类,未分类,0
2026-05-19,601033.SH,永兴股份,15.06,0.5340453938584784,15.01,15.11,14.96,开,0,0,0,0,1382.0,9189.00万,36.14万,0,0,0,价升||阳线,行情收盘价上穿5日,未分类,未分类,0
2026-05-19,688067.SH,爱威科技,28.31,0.5326704545454495,28.16,28.57,27.82,开,0,0,0,0,745.0,26.28亿,19.25万,0,0,0,价升||阳线,行情收盘价上穿5日,未分类,未分类,0
2026-05-19,002200.SZ,*ST交投,7.56,0.5319148936170218,7.56,7.66,7.53,开,0,0,0,0,464.0,6115.00万,14.80万,0,0,0,价升,行情收盘价上穿5日,未分类,未分类,0
2026-05-19,600249.SH,两面针,5.77,0.5226480836236822,5.72,5.83,5.72,开,0,0,0,0,1950.0,3.37亿,31.73万,0,0,0,价升||阳线,行情收盘价上穿5日,未分类,未分类,0
2026-05-19,002251.SZ,步步高,3.85,0.522193211488251,3.84,3.89,3.84,开,0,0,0,0,7501.0,19.41亿,82.87万,0,0,0,价升||阳线,行情收盘价上穿5日,未分类,未分类,0
2026-05-19,603273.SH,天元智能,17.43,0.5190311418685113,17.42,17.65,17.3,开,0,0,0,0,917.0,5240.00万,9.77万,0,0,0,价升||阳线,行情收盘价上穿5日,未分类,未分类,0
2026-05-19,300111.SZ,向日葵,3.88,0.5181347150259072,3.87,3.92,3.86,开,0,0,0,0,4473.0,11.48亿,49.94万,0,0,0,价升||阳线,行情收盘价上穿5日,未分类,未分类,0
2026-05-19,600258.SH,首旅酒店,13.61,0.5169867060561322,13.55,13.66,13.52,开,0,0,0,0,5859.0,4.31亿,151.97万,0,0,0,价升||阳线,行情收盘价上穿5日,未分类,未分类,0
2026-05-19,002187.SZ,广百股份,5.86,0.514579759862783,5.83,5.9,5.82,开,0,0,0,0,2195.0,3.74亿,41.07万,0,0,0,价升||阳线,行情收盘价上穿5日,未分类,未分类,0
2026-05-19,000011.SZ,深物业A,7.86,0.5115089514066501,7.8,7.93,7.8,开,0,0,0,0,1513.0,1.92亿,41.38万,0,0,0,价升||阳线,行情收盘价上穿5日,未分类,未分类,0
2026-05-19,600036.SH,招商银行,37.66,0.5070723245262816,37.48,37.74,37.43,开,0,0,0,0,94128.0,25.03亿,7768.86万,0,0,0,价升||阳线,行情收盘价上穿5日,未分类,未分类,0
2026-05-19,601200.SH,上海环境,7.96,0.5050505050505055,7.9,7.96,7.9,开,0,0,0,0,1790.0,2.26亿,107.16万,0,0,0,价升||阳线,行情收盘价上穿5日,未分类,未分类,0
2026-05-19,603221.SH,爱丽家居,12.05,0.5004170141784862,11.98,12.17,11.94,开,0,0,0,0,895.0,7407.00万,29.19万,0,0,0,价升||阳线,行情收盘价上穿5日,未分类,未分类,0
2026-05-19,300201.SZ,海伦哲,16.13,0.49844236760123545,15.9,16.3,15.75,开,0,0,0,0,34824.0,21.66亿,161.89万,0,0,0,价升||阳线,行情收盘价上穿5日,未分类,未分类,0
2026-05-19,002224.SZ,三 力 士,4.05,0.49627791563274376,4.03,4.07,4.02,开,0,0,0,0,1346.0,3.33亿,32.66万,0,0,0,价升||阳线,行情收盘价上穿5日,未分类,未分类,0
2026-05-19,603195.SH,公牛集团,43.06,0.4900816802800486,42.85,43.6,42.85,开,0,0,0,0,10367.0,2.39亿,775.37万,0,0,0,价升||阳线,行情收盘价上穿5日,未分类,未分类,0
2026-05-19,603025.SH,大豪科技,16.43,0.48929663608561647,16.21,16.7,16.21,开,0,0,0,0,7876.0,4.78亿,182.24万,0,0,0,价升||阳线,行情收盘价上穿5日,未分类,未分类,0
2026-05-19,603107.SH,上海汽配,14.41,0.4881450488145068,14.31,14.46,14.31,开,0,0,0,0,760.0,5274.00万,31.44万,0,0,0,价升||阳线,行情收盘价上穿5日,未分类,未分类,0
2026-05-19,002040.SZ,南 京 港,10.31,0.48732943469786266,10.25,10.47,10.22,开,0,0,0,0,4263.0,4.12亿,50.11万,0,0,0,价升||阳线,行情收盘价上穿5日,未分类,未分类,0
2026-05-19,300286.SZ,安科瑞,25.05,0.48134777376655036,24.94,25.34,24.58,开,0,0,0,0,3383.0,1.35亿,52.05万,0,0,0,价升||阳线,行情收盘价上穿5日,未分类,未分类,0
2026-05-19,300171.SZ,东富龙,12.63,0.47732696897375093,12.55,12.75,12.51,开,0,0,0,0,3649.0,2.88亿,71.06万,0,0,0,价升||阳线,行情收盘价上穿5日,未分类,未分类,0
2026-05-19,002185.SZ,华天科技,14.76,0.47651463580667314,14.5,14.97,14.23,开,0,0,0,0,175611.0,119.60亿,482.09万,0,0,0,价升||阳线,行情收盘价上穿5日,未分类,未分类,0
2026-05-19,002225.SZ,濮耐股份,4.22,0.476190476190466,4.21,4.27,4.18,开,0,0,0,0,5802.0,13.73亿,40.03万,0,0,0,价升||阳线,行情收盘价上穿5日,未分类,未分类,0
2026-05-19,000099.SZ,中信海直,16.95,0.4742145820983894,16.87,17.06,16.86,开,0,0,0,0,3221.0,1.90亿,131.49万,0,0,0,价升||阳线,行情收盘价上穿5日,未分类,未分类,0
2026-05-19,605259.SH,绿田机械,19.11,0.47318611987381626,19.05,19.33,18.86,开,0,0,0,0,1202.0,6292.00万,32.96万,0,0,0,价升||阳线,行情收盘价上穿5日,未分类,未分类,0
2026-05-19,002261.SZ,拓维信息,34.09,0.4715590922487583,33.84,34.45,33.27,开,0,0,0,0,97587.0,28.71亿,390.71万,0,0,0,价升||阳线,行情收盘价上穿5日,未分类,未分类,0
2026-05-19,002075.SZ,沙钢股份,4.28,0.4694835680751282,4.26,4.33,4.26,开,0,0,0,0,2749.0,6.41亿,93.90万,0,0,0,价升||阳线,行情收盘价上穿5日,未分类,未分类,0
2026-05-19,688157.SH,松井股份,34.64,0.46403712296984834,34.3,35.16,34.3,开,0,0,0,0,2414.0,69.33亿,54.19万,0,0,0,价升||阳线,行情收盘价上穿5日,未分类,未分类,0
2026-05-19,300121.SZ,阳谷华泰,13.07,0.46118370484243276,12.93,13.33,12.85,开,0,0,0,0,8569.0,6.53亿,56.12万,0,0,0,价升||阳线,行情收盘价上穿5日,未分类,未分类,0
2026-05-19,600179.SH,安通控股,4.38,0.45871559633026543,4.27,4.4,4.27,开,0,0,0,0,8715.0,20.04亿,169.17万,0,0,0,价升||阳线,行情收盘价上穿5日,未分类,未分类,0
2026-05-19,002166.SZ,莱茵生物,8.76,0.45871559633026543,8.69,8.9,8.69,开,0,0,0,0,3283.0,3.72亿,64.70万,0,0,0,价升||阳线,行情收盘价上穿5日,未分类,未分类,0
2026-05-19,002058.SZ,*ST威尔,26.38,0.4569687738004472,25.79,26.76,25.79,开,0,0,0,0,2244.0,8533.00万,37.75万,0,0,0,价升||阳线,行情收盘价上穿5日,未分类,未分类,0
2026-05-19,601139.SH,深圳燃气,6.63,0.45454545454545836,6.6,6.69,6.57,开,0,0,0,0,7722.0,11.62亿,190.73万,0,0,0,价升||阳线,行情收盘价上穿5日,未分类,未分类,0
2026-05-19,601026.SH,道生天合,17.77,0.4522328999434612,17.83,17.92,17.65,开,0,0,0,0,2029.0,1.14亿,19.74万,0,0,0,价升||阴线,行情收盘价上穿5日,未分类,未分类,0
2026-05-19,603089.SH,正裕工业,11.38,0.4413062665489913,11.35,11.46,11.28,开,0,0,0,0,716.0,6281.00万,27.32万,0,0,0,价升||阳线,行情收盘价上穿5日,未分类,未分类,0
2026-05-19,605128.SH,上海沿浦,34.15,0.4411764705882311,34.28,34.63,33.83,开,0,0,0,0,2925.0,8549.00万,72.10万,0,0,0,价升||阴线,行情收盘价上穿5日,未分类,未分类,0
2026-05-19,600252.SH,中恒集团,2.29,0.4385964912280803,2.28,2.31,2.27,开,0,0,0,0,2619.0,11.42亿,72.92万,0,0,0,价升||阳线,行情收盘价上穿5日,未分类,未分类,0
2026-05-19,002059.SZ,云南旅游,4.61,0.4357298474945635,4.59,4.63,4.58,开,0,0,0,0,835.0,1.81亿,45.32万,0,0,0,价升||阳线,行情收盘价上穿5日,未分类,未分类,0
2026-05-19,603071.SH,物产环能,13.84,0.4354136429608164,13.73,13.88,13.73,开,0,0,0,0,764.0,5526.00万,77.22万,0,0,0,价升||阳线,行情收盘价上穿5日,未分类,未分类,0
2026-05-19,300287.SZ,飞利信,4.64,0.4329004329004236,4.58,4.7,4.58,开,0,0,0,0,7970.0,17.11亿,61.17万,0,0,0,价升||阳线,行情收盘价上穿5日,未分类,未分类,0
2026-05-19,600009.SH,上海机场,25.68,0.4301916308173619,25.55,25.75,25.54,开,0,0,0,0,8305.0,3.24亿,525.48万,0,0,0,价升||阳线,行情收盘价上穿5日,未分类,未分类,0
2026-05-19,002188.SZ,中天服务,7.01,0.42979942693408824,6.96,7.04,6.92,开,0,0,0,0,1903.0,2.72亿,18.04万,0,0,0,价升||阳线,行情收盘价上穿5日,未分类,未分类,0
2026-05-19,600278.SH,东方创业,7.05,0.42735042735043094,7.01,7.15,6.96,开,0,0,0,0,1584.0,2.24亿,60.67万,0,0,0,价升||阳线,行情收盘价上穿5日,未分类,未分类,0
2026-05-19,300013.SZ,新宁物流,4.72,0.4255319148936079,4.73,4.85,4.67,开,0,0,0,0,3183.0,6.69亿,21.05万,0,0,0,价升||阴线,行情收盘价上穿5日,未分类,未分类,0
2026-05-19,601008.SH,连云港,4.76,0.42194092827003316,4.75,4.8,4.73,开,0,0,0,0,1210.0,2.54亿,59.05万,0,0,0,价升||阳线,行情收盘价上穿5日,未分类,未分类,0
2026-05-19,605050.SH,福然德,11.96,0.41981528127624446,11.84,12.01,11.84,开,0,0,0,0,896.0,7493.00万,58.94万,0,0,0,价升||阳线,行情收盘价上穿5日,未分类,未分类,0
2026-05-19,600196.SH,复星医药,24.16,0.41562759767249136,24.02,24.24,23.99,开,0,0,0,0,9656.0,3.99亿,511.83万,0,0,0,价升||阳线,行情收盘价上穿5日,未分类,未分类,0
2026-05-19,300247.SZ,融捷健康,4.88,0.41152263374484715,4.88,4.92,4.83,开,0,0,0,0,6147.0,12.58亿,39.19万,0,0,0,价升,行情收盘价上穿5日,未分类,未分类,0
2026-05-19,600051.SH,宁波联合,7.51,0.401069518716569,7.49,7.55,7.43,开,0,0,0,0,1183.0,1.57亿,23.35万,0,0,0,价升||阳线,行情收盘价上穿5日,未分类,未分类,0
2026-05-19,601016.SH,节能风电,5.01,0.4008016032064043,4.93,5.07,4.82,开,0,0,0,0,94642.0,190.57亿,302.51万,0,0,0,价升||阳线,行情收盘价上穿5日,未分类,未分类,0
2026-05-19,002016.SZ,世荣兆业,5.01,0.4008016032064043,4.99,5.05,4.97,开,0,0,0,0,1148.0,2.29亿,40.54万,0,0,0,价升||阳线,行情收盘价上穿5日,未分类,未分类,0
2026-05-19,600177.SH,雅戈尔,7.53,0.4000000000000033,7.49,7.58,7.49,开,0,0,0,0,3178.0,4.21亿,339.11万,0,0,0,价升||阳线,行情收盘价上穿5日,未分类,未分类,0
2026-05-19,603151.SH,邦基科技,15.07,0.39973351099267485,14.95,15.25,14.95,开,0,0,0,0,1189.0,7856.00万,25.79万,0,0,0,价升||阳线,行情收盘价上穿5日,未分类,未分类,0
2026-05-19,300146.SZ,汤臣倍健,10.1,0.3976143141152997,10.13,10.16,10.09,开,0,0,0,0,3261.0,3.22亿,113.19万,0,0,0,价升||阴线,行情收盘价上穿5日,未分类,未分类,0
2026-05-19,603023.SH,威帝股份,5.07,0.3960396039604052,5.11,5.37,5.05,开,0,0,0,0,5726.0,11.12亿,28.30万,0,0,0,价升||阴线,行情收盘价上穿5日,未分类,未分类,0
2026-05-19,603035.SH,常熟汽饰,12.99,0.38639876352396224,12.98,13.07,12.92,开,0,0,0,0,1554.0,1.19亿,47.59万,0,0,0,价升||阳线,行情收盘价上穿5日,未分类,未分类,0
2026-05-19,600273.SH,嘉化能源,7.85,0.38363171355497905,7.83,7.9,7.82,开,0,0,0,0,2950.0,3.75亿,102.94万,0,0,0,价升||阳线,行情收盘价上穿5日,未分类,未分类,0
2026-05-19,603210.SH,泰鸿万立,15.71,0.38338658146965177,15.61,15.78,15.58,开,0,0,0,0,1129.0,7187.00万,36.55万,0,0,0,价升||阳线,行情收盘价上穿5日,未分类,未分类,0
2026-05-19,605179.SH,一鸣食品,16.03,0.3757044458359455,16.0,16.19,16.0,开,0,0,0,0,937.0,5825.00万,64.28万,0,0,0,价升||阳线,行情收盘价上穿5日,未分类,未分类,0
2026-05-19,603101.SH,汇嘉时代,8.07,0.37313432835822313,8.0,8.12,8.0,开,0,0,0,0,3189.0,3.95亿,37.96万,0,0,0,价升||阳线,行情收盘价上穿5日,未分类,未分类,0
2026-05-19,000008.SZ,神州高铁,2.69,0.373134328358201,2.68,2.71,2.67,开,0,0,0,0,2920.0,10.83亿,73.07万,0,0,0,价升||阳线,行情收盘价上穿5日,未分类,未分类,0
2026-05-19,603213.SH,镇洋发展,13.53,0.3709198813056301,13.52,13.54,13.45,开,0,0,0,0,871.0,6458.00万,59.80万,0,0,0,价升||阳线,行情收盘价上穿5日,未分类,未分类,0
2026-05-19,002252.SZ,上海莱士,5.42,0.37037037037036247,5.4,5.44,5.39,开,0,0,0,0,3326.0,6.14亿,359.55万,0,0,0,价升||阳线,行情收盘价上穿5日,未分类,未分类,0
2026-05-19,603109.SH,神驰机电,21.79,0.36849378166742647,21.98,22.08,21.71,开,0,0,0,0,1450.0,6634.00万,45.51万,0,0,0,价升||阴线,行情收盘价上穿5日,未分类,未分类,0
2026-05-19,000001.SZ,平安银行,10.9,0.3683241252302111,10.83,10.92,10.83,开,0,0,0,0,26840.0,24.64亿,2115.21万,0,0,0,价升||阳线,行情收盘价上穿5日,未分类,未分类,0
2026-05-19,605162.SH,新中港,11.05,0.3633060853769385,10.97,11.07,10.9,开,0,0,0,0,4174.0,3.80亿,45.91万,0,0,0,价升||阳线,行情收盘价上穿5日,未分类,未分类,0
2026-05-19,000158.SZ,常山北明,16.64,0.3618817852834878,16.58,16.78,16.39,开,0,0,0,0,13537.0,8.14亿,264.23万,0,0,0,价升||阳线,行情收盘价上穿5日,未分类,未分类,0
2026-05-19,688139.SH,海尔生物,33.37,0.36090225563909006,33.26,34.04,33.26,开,0,0,0,0,5046.0,149.88亿,105.61万,0,0,0,价升||阳线,行情收盘价上穿5日,未分类,未分类,0
2026-05-19,300039.SZ,上海凯宝,5.58,0.3597122302158357,5.56,5.6,5.56,开,0,0,0,0,1122.0,2.01亿,51.16万,0,0,0,价升||阳线,行情收盘价上穿5日,未分类,未分类,0
2026-05-19,002239.SZ,奥特佳,2.81,0.3571428571428654,2.8,2.85,2.79,开,0,0,0,0,4166.0,14.77亿,75.37万,0,0,0,价升||阳线,行情收盘价上穿5日,未分类,未分类,0
2026-05-19,002223.SZ,鱼跃医疗,28.18,0.3561253561253612,27.98,28.4,27.95,开,0,0,0,0,8984.0,3.18亿,265.54万,0,0,0,价升||阳线,行情收盘价上穿5日,未分类,未分类,0
2026-05-19,000036.SZ,华联控股,5.64,0.35587188612098886,5.62,5.67,5.58,开,0,0,0,0,7236.0,12.85亿,79.13万,0,0,0,价升||阳线,行情收盘价上穿5日,未分类,未分类,0
2026-05-19,600017.SH,日照港,2.83,0.35460992907802236,2.82,2.85,2.81,开,0,0,0,0,3676.0,12.98亿,87.04万,0,0,0,价升||阳线,行情收盘价上穿5日,未分类,未分类,0
2026-05-19,605268.SH,王力安防,11.48,0.34965034965035774,11.49,11.56,11.32,开,0,0,0,0,2284.0,2.00亿,50.58万,0,0,0,价升||阴线,行情收盘价上穿5日,未分类,未分类,0
2026-05-19,300193.SZ,佳士科技,8.63,0.3488372093023388,8.56,8.67,8.55,开,0,0,0,0,2133.0,2.47亿,36.19万,0,0,0,价升||阳线,行情收盘价上穿5日,未分类,未分类,0
2026-05-19,603289.SH,泰瑞机器,11.55,0.34752389226760144,11.49,11.76,11.4,开,0,0,0,0,5193.0,4.47亿,33.89万,0,0,0,价升||阳线,行情收盘价上穿5日,未分类,未分类,0
2026-05-19,600192.SH,长城电工,8.71,0.3456221198156813,8.74,8.82,8.58,开,0,0,0,0,2850.0,3.27亿,38.48万,0,0,0,价升||阴线,行情收盘价上穿5日,未分类,未分类,0
2026-05-19,600129.SH,太极集团,14.62,0.34317089910774834,14.47,14.7,14.47,开,0,0,0,0,3727.0,2.55亿,80.62万,0,0,0,价升||阳线,行情收盘价上穿5日,未分类,未分类,0
2026-05-19,605122.SH,四方新材,14.69,0.34153005464480146,14.69,14.78,14.36,开,0,0,0,0,1356.0,9258.00万,25.32万,0,0,0,价升,行情收盘价上穿5日,未分类,未分类,0
2026-05-19,603193.SH,润本股份,23.59,0.34028073160356564,23.54,23.86,23.52,开,0,0,0,0,1846.0,7800.00万,24.38万,0,0,0,价升||阳线,行情收盘价上穿5日,未分类,未分类,0
2026-05-19,688100.SH,威胜信息,38.78,0.3363518758085448,38.71,38.85,38.01,开,0,0,0,0,4410.0,114.53亿,190.68万,0,0,0,价升||阳线,行情收盘价上穿5日,未分类,未分类,0
2026-05-19,600280.SH,中央商场,3.02,0.33222591362127013,3.01,3.04,3.0,开,0,0,0,0,1018.0,3.37亿,34.08万,0,0,0,价升||阳线,行情收盘价上穿5日,未分类,未分类,0
2026-05-19,300269.SZ,联建光电,6.07,0.33057851239670183,6.05,6.08,5.96,开,0,0,0,0,3928.0,6.50亿,31.91万,0,0,0,价升||阳线,行情收盘价上穿5日,未分类,未分类,0
2026-05-19,603004.SH,鼎龙科技,21.52,0.32634032634032767,21.23,21.76,21.23,开,0,0,0,0,2521.0,1.17亿,12.67万,0,0,0,价升||阳线,行情收盘价上穿5日,未分类,未分类,0
2026-05-19,688173.SH,希荻微,18.6,0.323624595469268,18.8,19.23,18.32,开,0,0,0,0,10484.0,558.51亿,76.31万,0,0,0,价升||阴线,行情收盘价上穿5日,未分类,未分类,0
2026-05-19,002038.SZ,双鹭药业,6.27,0.3199999999999932,6.25,6.35,6.21,开,0,0,0,0,5839.0,9.27亿,53.41万,0,0,0,价升||阳线,行情收盘价上穿5日,未分类,未分类,0
2026-05-19,300102.SZ,乾照光电,28.35,0.3184713375796173,29.1,29.31,28.18,开,0,0,0,0,50490.0,17.60亿,259.66万,0,0,0,价升||阴线,行情收盘价上穿5日,未分类,未分类,0
2026-05-19,600223.SH,福瑞达,6.35,0.3159557661927263,6.36,6.4,6.33,开,0,0,0,0,856.0,1.34亿,64.55万,0,0,0,价升||阴线,行情收盘价上穿5日,未分类,未分类,0
2026-05-19,603105.SH,芯能科技,9.73,0.30927835051547564,9.63,9.83,9.61,开,0,0,0,0,4027.0,4.13亿,48.65万,0,0,0,价升||阳线,行情收盘价上穿5日,未分类,未分类,0
2026-05-19,600107.SH,*ST尔雅,6.55,0.30627871362939624,6.53,6.58,6.43,开,0,0,0,0,694.0,1.07亿,23.58万,0,0,0,价升||阳线,行情收盘价上穿5日,未分类,未分类,0
2026-05-19,600153.SH,建发股份,9.85,0.30549898167005457,9.76,9.93,9.75,开,0,0,0,0,4732.0,4.79亿,285.60万,0,0,0,价升||阳线,行情收盘价上穿5日,未分类,未分类,0
2026-05-19,600089.SH,特变电工,26.84,0.2989536621823553,26.79,27.15,26.56,开,0,0,0,0,116514.0,43.39亿,1356.17万,0,0,0,价升||阳线,行情收盘价上穿5日,未分类,未分类,0
2026-05-19,603053.SH,成都燃气,10.07,0.29880478087650536,10.04,10.12,9.95,开,0,0,0,0,2316.0,2.31亿,89.51万,0,0,0,价升||阳线,行情收盘价上穿5日,未分类,未分类,0
2026-05-19,600248.SH,陕建股份,3.37,0.2976190476190545,3.36,3.38,3.35,开,0,0,0,0,1084.0,3.21亿,124.88万,0,0,0,价升||阳线,行情收盘价上穿5日,未分类,未分类,0
2026-05-19,002029.SZ,七 匹 狼,10.13,0.2970297029703083,10.21,10.31,10.08,开,0,0,0,0,5677.0,5.58亿,67.41万,0,0,0,价升||阴线,行情收盘价上穿5日,未分类,未分类,0
2026-05-19,000089.SZ,深圳机场,6.78,0.2958579881656873,6.76,6.8,6.76,开,0,0,0,0,1043.0,1.54亿,139.04万,0,0,0,价升||阳线,行情收盘价上穿5日,未分类,未分类,0
2026-05-19,600161.SH,天坛生物,13.56,0.2958579881656873,13.48,13.65,13.47,开,0,0,0,0,2547.0,1.88亿,268.13万,0,0,0,价升||阳线,行情收盘价上穿5日,未分类,未分类,0
2026-05-19,688052.SH,纳芯微,220.0,0.29175784099197044,219.25,223.0,213.9,开,0,0,0,0,25408.0,115.92亿,313.56万,0,0,0,价升||阳线,行情收盘价上穿5日,未分类,未分类,0
2026-05-19,002068.SZ,黑猫股份,10.37,0.29013539651836906,10.15,10.74,10.1,开,0,0,0,0,20647.0,19.78亿,76.22万,0,0,0,价升||阳线,行情收盘价上穿5日,未分类,未分类,0
2026-05-19,603137.SH,恒尚节能,13.89,0.28880866425993446,13.8,13.93,13.8,开,0,0,0,0,923.0,6646.00万,25.41万,0,0,0,价升||阳线,行情收盘价上穿5日,未分类,未分类,0
2026-05-19,605117.SH,德业股份,159.75,0.2887814677632042,159.48,167.1,156.0,开,0,0,0,0,91620.0,5.67亿,1452.70万,0,0,0,价升||阳线,行情收盘价上穿5日,未分类,未分类,0
2026-05-19,300037.SZ,新宙邦,62.85,0.2872187649593102,62.39,64.24,61.8,开,0,0,0,0,54185.0,8.55亿,339.90万,0,0,0,价升||阳线,行情收盘价上穿5日,未分类,未分类,0
2026-05-19,002242.SZ,九阳股份,10.61,0.28355387523628883,10.56,10.7,10.54,开,0,0,0,0,3491.0,3.28亿,80.81万,0,0,0,价升||阳线,行情收盘价上穿5日,未分类,未分类,0
2026-05-19,002136.SZ,安 纳 达,14.25,0.28149190710766464,14.28,14.43,14.13,开,0,0,0,0,3593.0,2.52亿,30.56万,0,0,0,价升||阴线,行情收盘价上穿5日,未分类,未分类,0
2026-05-19,601099.SH,太平洋,3.58,0.2801120448179336,3.58,3.6,3.56,开,0,0,0,0,10595.0,29.54亿,244.02万,0,0,0,价升,行情收盘价上穿5日,未分类,未分类,0
2026-05-19,600026.SH,中远海能,21.54,0.27932960893854153,21.8,22.22,21.46,开,0,0,0,0,45142.0,20.67亿,823.26万,0,0,0,价升||阴线,行情收盘价上穿5日,未分类,未分类,0
2026-05-19,601128.SH,常熟银行,7.21,0.2781641168289231,7.18,7.24,7.18,开,0,0,0,0,7784.0,10.78亿,239.12万,0,0,0,价升||阳线,行情收盘价上穿5日,未分类,未分类,0
2026-05-19,300220.SZ,金运激光,14.55,0.2756719503790553,14.44,14.7,14.44,开,0,0,0,0,1041.0,7146.00万,21.97万,0,0,0,价升||阳线,行情收盘价上穿5日,未分类,未分类,0
2026-05-19,300120.SZ,经纬辉开,7.28,0.27548209366391824,7.22,7.36,7.22,开,0,0,0,0,1987.0,2.72亿,38.40万,0,0,0,价升||阳线,行情收盘价上穿5日,未分类,未分类,0
2026-05-19,002048.SZ,宁波华翔,29.26,0.2741603838245437,29.75,30.18,29.19,开,0,0,0,0,38205.0,12.86亿,207.69万,0,0,0,价升||阴线,行情收盘价上穿5日,未分类,未分类,0
2026-05-19,002228.SZ,合兴包装,3.71,0.2702702702702645,3.71,3.74,3.7,开,0,0,0,0,1940.0,5.22亿,44.87万,0,0,0,价升,行情收盘价上穿5日,未分类,未分类,0
2026-05-19,002060.SZ,广东建工,3.73,0.26881720430106953,3.72,3.75,3.69,开,0,0,0,0,2937.0,7.89亿,58.29万,0,0,0,价升||阳线,行情收盘价上穿5日,未分类,未分类,0
2026-05-19,002120.SZ,韵达股份,7.48,0.26809651474531454,7.48,7.56,7.44,开,0,0,0,0,9859.0,13.13亿,210.57万,0,0,0,价升,行情收盘价上穿5日,未分类,未分类,0
2026-05-19,300070.SZ,碧水源,3.74,0.26809651474531454,3.73,3.77,3.71,开,0,0,0,0,3831.0,10.22亿,128.46万,0,0,0,价升||阳线,行情收盘价上穿5日,未分类,未分类,0
2026-05-19,002061.SZ,浙江交科,3.75,0.2673796791443793,3.73,3.77,3.73,开,0,0,0,0,1285.0,3.42亿,97.47万,0,0,0,价升||阳线,行情收盘价上穿5日,未分类,未分类,0
2026-05-19,603002.SH,宏昌电子,15.02,0.2670226969292333,14.73,15.33,14.47,开,0,0,0,0,42433.0,28.54亿,170.34万,0,0,0,价升||阳线,行情收盘价上穿5日,未分类,未分类,0
2026-05-19,002090.SZ,金智科技,11.27,0.26690391459074164,11.21,11.36,11.15,开,0,0,0,0,3472.0,3.07亿,44.52万,0,0,0,价升||阳线,行情收盘价上穿5日,未分类,未分类,0
2026-05-19,600132.SH,重庆啤酒,52.86,0.26555386949924237,52.8,53.13,52.42,开,0,0,0,0,7113.0,1.34亿,255.83万,0,0,0,价升||阳线,行情收盘价上穿5日,未分类,未分类,0
2026-05-19,002014.SZ,永新股份,11.36,0.26478375992938535,11.26,11.4,11.24,开,0,0,0,0,1081.0,9535.00万,68.47万,0,0,0,价升||阳线,行情收盘价上穿5日,未分类,未分类,0
2026-05-19,300135.SZ,宝利国际,3.82,0.26246719160104426,3.81,3.86,3.79,开,0,0,0,0,2653.0,6.93亿,35.21万,0,0,0,价升||阳线,行情收盘价上穿5日,未分类,未分类,0
2026-05-19,300194.SZ,福安药业,3.98,0.2518891687657377,3.98,4.0,3.97,开,0,0,0,0,814.0,2.04亿,38.54万,0,0,0,价升,行情收盘价上穿5日,未分类,未分类,0
2026-05-19,601065.SH,江盐集团,7.98,0.251256281407041,7.96,8.0,7.95,开,0,0,0,0,812.0,1.02亿,51.29万,0,0,0,价升||阳线,行情收盘价上穿5日,未分类,未分类,0
2026-05-19,601003.SH,柳钢股份,4.04,0.24813895781637188,4.0,4.06,4.0,开,0,0,0,0,1770.0,4.38亿,103.54万,0,0,0,价升||阳线,行情收盘价上穿5日,未分类,未分类,0
2026-05-19,688004.SH,博汇科技,24.29,0.24762690879075,24.21,24.56,24.09,开,0,0,0,0,1382.0,56.72亿,19.45万,0,0,0,价升||阳线,行情收盘价上穿5日,未分类,未分类,0
2026-05-19,300295.SZ,*ST三六五,12.36,0.24330900243308481,12.22,12.65,12.22,开,0,0,0,0,2219.0,1.78亿,20.71万,0,0,0,价升||阳线,行情收盘价上穿5日,未分类,未分类,0
2026-05-19,603070.SH,万控智造,16.67,0.24052916416117076,16.68,16.94,16.28,开,0,0,0,0,9539.0,5.74亿,66.85万,0,0,0,价升||阴线,行情收盘价上穿5日,未分类,未分类,0
2026-05-19,002098.SZ,浔兴股份,8.38,0.23923444976078173,8.35,8.44,8.33,开,0,0,0,0,635.0,7558.00万,30.00万,0,0,0,价升||阳线,行情收盘价上穿5日,未分类,未分类,0
2026-05-19,600138.SH,中青旅,8.41,0.23837902264600205,8.39,8.45,8.37,开,0,0,0,0,1703.0,2.02亿,60.87万,0,0,0,价升||阳线,行情收盘价上穿5日,未分类,未分类,0
2026-05-19,300112.SZ,万讯自控,8.54,0.2347417840375537,8.52,8.62,8.46,开,0,0,0,0,1880.0,2.20亿,20.29万,0,0,0,价升||阳线,行情收盘价上穿5日,未分类,未分类,0
2026-05-19,603277.SH,银都股份,12.84,0.234192037470721,12.77,12.96,12.73,开,0,0,0,0,629.0,4888.00万,78.29万,0,0,0,价升||阳线,行情收盘价上穿5日,未分类,未分类,0
2026-05-19,603098.SH,森特股份,13.31,0.2259036144578399,13.33,13.54,13.21,开,0,0,0,0,2793.0,2.08亿,71.71万,0,0,0,价升||阴线,行情收盘价上穿5日,未分类,未分类,0
2026-05-19,603192.SH,汇得科技,22.3,0.2247191011235987,22.33,22.44,22.14,开,0,0,0,0,605.0,2710.00万,31.09万,0,0,0,价升||阴线,行情收盘价上穿5日,未分类,未分类,0
2026-05-19,600052.SH,东望时代,4.47,0.22421524663676654,4.42,4.57,4.42,开,0,0,0,0,4806.0,10.65亿,37.74万,0,0,0,价升||阳线,行情收盘价上穿5日,未分类,未分类,0
2026-05-19,600066.SH,宇通客车,31.78,0.2207505518763806,31.71,32.07,31.53,开,0,0,0,0,12369.0,3.89亿,703.59万,0,0,0,价升||阳线,行情收盘价上穿5日,未分类,未分类,0
2026-05-19,002209.SZ,达 意 隆,13.62,0.22075055187637502,13.56,13.87,13.51,开,0,0,0,0,2888.0,2.11亿,21.29万,0,0,0,价升||阳线,行情收盘价上穿5日,未分类,未分类,0
2026-05-19,000096.SZ,广聚能源,9.09,0.22050716648290597,9.05,9.14,9.04,开,0,0,0,0,1937.0,2.13亿,46.44万,0,0,0,价升||阳线,行情收盘价上穿5日,未分类,未分类,0
2026-05-19,600000.SH,浦发银行,9.1,0.22026431718061204,9.08,9.17,9.07,开,0,0,0,0,38435.0,42.20亿,3030.83万,0,0,0,价升||阳线,行情收盘价上穿5日,未分类,未分类,0
2026-05-19,688197.SH,首药控股-U,41.39,0.21791767554480246,41.3,42.36,40.89,开,0,0,0,0,1991.0,47.69亿,26.49万,0,0,0,价升||阳线,行情收盘价上穿5日,未分类,未分类,0
2026-05-19,603006.SH,联明股份,14.02,0.21443888491779386,13.75,14.15,13.75,开,0,0,0,0,2385.0,1.70亿,35.65万,0,0,0,价升||阳线,行情收盘价上穿5日,未分类,未分类,0
2026-05-19,600094.SH,大名城,4.72,0.21231422505307404,4.67,4.79,4.66,开,0,0,0,0,4351.0,9.22亿,100.36万,0,0,0,价升||阳线,行情收盘价上穿5日,未分类,未分类,0
2026-05-19,605005.SH,合兴股份,18.93,0.2117522498676503,19.0,19.0,18.86,开,0,0,0,0,555.0,2930.00万,75.91万,0,0,0,价升||阴线,行情收盘价上穿5日,未分类,未分类,0
2026-05-19,000030.SZ,富奥股份,4.76,0.2105263157894692,4.75,4.8,4.74,开,0,0,0,0,2040.0,4.28亿,79.54万,0,0,0,价升||阳线,行情收盘价上穿5日,未分类,未分类,0
2026-05-19,603183.SH,建研院,4.76,0.2105263157894692,4.77,4.8,4.73,开,0,0,0,0,1617.0,3.39亿,23.66万,0,0,0,价升||阴线,行情收盘价上穿5日,未分类,未分类,0
2026-05-19,300133.SZ,华策影视,9.68,0.20703933747411568,9.58,9.93,9.45,开,0,0,0,0,68347.0,70.12亿,162.28万,0,0,0,价升||阳线,行情收盘价上穿5日,未分类,未分类,0
2026-05-19,688175.SH,高凌信息,34.51,0.20325203252032606,34.52,35.04,34.0,开,0,0,0,0,2400.0,69.30亿,44.63万,0,0,0,价升||阴线,行情收盘价上穿5日,未分类,未分类,0
2026-05-19,300160.SZ,秀强股份,5.08,0.1972386587771161,5.05,5.12,5.05,开,0,0,0,0,919.0,1.80亿,38.72万,0,0,0,价升||阳线,行情收盘价上穿5日,未分类,未分类,0
2026-05-19,002051.SZ,中工国际,10.49,0.19102196752626144,10.7,10.78,10.46,开,0,0,0,0,20714.0,19.51亿,128.65万,0,0,0,价升||阴线,行情收盘价上穿5日,未分类,未分类,0
2026-05-19,605116.SH,奥锐特,21.26,0.18850141376061594,21.11,21.45,21.11,开,0,0,0,0,1285.0,6037.00万,86.35万,0,0,0,价升||阳线,行情收盘价上穿5日,未分类,未分类,0
2026-05-19,002010.SZ,传化智联,5.38,0.18621973929236102,5.37,5.41,5.32,开,0,0,0,0,2564.0,4.76亿,148.34万,0,0,0,价升||阳线,行情收盘价上穿5日,未分类,未分类,0
2026-05-19,603285.SH,键邦股份,48.71,0.1851090086384274,48.47,50.32,47.75,开,0,0,0,0,6783.0,1.38亿,30.34万,0,0,0,价升||阳线,行情收盘价上穿5日,未分类,未分类,0
2026-05-19,688162.SH,巨一科技,34.07,0.1764187003822472,33.51,34.69,33.51,开,0,0,0,0,3802.0,111.10亿,46.71万,0,0,0,价升||阳线,行情收盘价上穿5日,未分类,未分类,0
2026-05-19,600287.SH,苏豪时尚,5.69,0.1760563380281809,5.68,5.75,5.62,开,0,0,0,0,749.0,1.31亿,24.85万,0,0,0,价升||阳线,行情收盘价上穿5日,未分类,未分类,0
2026-05-19,600185.SH,珠免集团,5.78,0.17331022530330462,5.75,5.82,5.72,开,0,0,0,0,3779.0,6.53亿,108.95万,0,0,0,价升||阳线,行情收盘价上穿5日,未分类,未分类,0
2026-05-19,601199.SH,江南水务,5.95,0.16835016835016475,5.94,5.97,5.82,开,0,0,0,0,4303.0,7.30亿,55.65万,0,0,0,价升||阳线,行情收盘价上穿5日,未分类,未分类,0
2026-05-19,600079.SH,ST人福,17.95,0.16741071428570078,17.89,18.01,17.88,开,0,0,0,0,4601.0,2.56亿,277.00万,0,0,0,价升||阳线,行情收盘价上穿5日,未分类,未分类,0
2026-05-19,300006.SZ,莱美药业,6.02,0.16638935108152725,5.98,6.15,5.94,开,0,0,0,0,5785.0,9.53亿,63.56万,0,0,0,价升||阳线,行情收盘价上穿5日,未分类,未分类,0
2026-05-19,300187.SZ,永清环保,6.03,0.16611295681064245,6.02,6.06,5.9,开,0,0,0,0,4762.0,7.94亿,38.71万,0,0,0,价升||阳线,行情收盘价上穿5日,未分类,未分类,0
2026-05-19,300221.SZ,银禧科技,12.27,0.1632653061224455,12.61,13.15,12.25,开,0,0,0,0,26522.0,21.01亿,56.09万,0,0,0,价升||阴线,行情收盘价上穿5日,未分类,未分类,0
2026-05-19,605088.SH,冠盛股份,36.98,0.16251354279521985,36.64,37.19,36.6,开,0,0,0,0,2975.0,8060.00万,73.85万,0,0,0,价升||阳线,行情收盘价上穿5日,未分类,未分类,0
2026-05-19,300232.SZ,洲明科技,6.23,0.16077170418007516,6.2,6.29,6.16,开,0,0,0,0,4684.0,7.51亿,55.18万,0,0,0,价升||阳线,行情收盘价上穿5日,未分类,未分类,0
2026-05-19,601238.SH,广汽集团,6.44,0.15552099533438063,6.41,6.52,6.41,开,0,0,0,0,3996.0,6.18亿,475.51万,0,0,0,价升||阳线,行情收盘价上穿5日,未分类,未分类,0
2026-05-19,601186.SH,中国铁建,6.51,0.15384615384615058,6.55,6.62,6.51,开,0,0,0,0,28763.0,43.77亿,748.86万,0,0,0,价升||阴线,行情收盘价上穿5日,未分类,未分类,0
2026-05-19,600127.SH,金健米业,6.52,0.1536098310291826,6.5,6.54,6.48,开,0,0,0,0,2228.0,3.42亿,41.84万,0,0,0,价升||阳线,行情收盘价上穿5日,未分类,未分类,0
2026-05-19,603202.SH,天有为,71.86,0.1533101045296159,71.74,72.4,71.38,开,0,0,0,0,3048.0,4228.00万,36.08万,0,0,0,价升||阳线,行情收盘价上穿5日,未分类,未分类,0
2026-05-19,300284.SZ,苏交科,6.61,0.15151515151516176,6.59,6.67,6.58,开,0,0,0,0,1745.0,2.63亿,77.85万,0,0,0,价升||阳线,行情收盘价上穿5日,未分类,未分类,0
2026-05-19,605016.SH,百龙创园,26.44,0.15151515151516176,26.33,27.06,26.13,开,0,0,0,0,3250.0,1.22亿,111.05万,0,0,0,价升||阳线,行情收盘价上穿5日,未分类,未分类,0
2026-05-19,000020.SZ,深华发Ａ,13.51,0.14825796886582338,13.45,13.63,13.38,开,0,0,0,0,2636.0,1.95亿,24.48万,0,0,0,价升||阳线,行情收盘价上穿5日,未分类,未分类,0
2026-05-19,688118.SH,普元信息,27.37,0.14635931211124295,27.31,27.93,27.1,开,0,0,0,0,2233.0,80.96亿,25.54万,0,0,0,价升||阳线,行情收盘价上穿5日,未分类,未分类,0
2026-05-19,603108.SH,润达医疗,13.72,0.14598540145986388,13.71,13.98,13.62,开,0,0,0,0,8205.0,5.96亿,82.83万,0,0,0,价升||阳线,行情收盘价上穿5日,未分类,未分类,0
2026-05-19,600211.SH,西藏药业,41.26,0.1456310679611533,41.14,41.74,41.09,开,0,0,0,0,3205.0,7749.00万,132.99万,0,0,0,价升||阳线,行情收盘价上穿5日,未分类,未分类,0
2026-05-19,600215.SH,派斯林,7.05,0.1420454545454515,7.09,7.12,7.0,开,0,0,0,0,3740.0,5.29亿,32.21万,0,0,0,价升||阴线,行情收盘价上穿5日,未分类,未分类,0
2026-05-19,601236.SH,红塔证券,7.17,0.13966480446927076,7.17,7.2,7.15,开,0,0,0,0,1377.0,1.92亿,338.19万,0,0,0,价升,行情收盘价上穿5日,未分类,未分类,0
2026-05-19,603190.SH,亚通精工,28.79,0.13913043478260573,28.6,29.3,28.6,开,0,0,0,0,5635.0,1.95亿,11.84万,0,0,0,价升||阳线,行情收盘价上穿5日,未分类,未分类,0
2026-05-19,000058.SZ,深 赛 格,7.93,0.12626262626262355,7.94,7.98,7.88,开,0,0,0,0,1255.0,1.58亿,78.09万,0,0,0,价升||阴线,行情收盘价上穿5日,未分类,未分类,0
2026-05-19,300132.SZ,青松股份,7.96,0.12578616352200991,7.97,8.04,7.94,开,0,0,0,0,2238.0,2.80亿,40.44万,0,0,0,价升||阴线,行情收盘价上穿5日,未分类,未分类,0
2026-05-19,605183.SH,确成股份,16.18,0.12376237623762112,16.18,16.28,16.09,开,0,0,0,0,763.0,4709.00万,66.73万,0,0,0,价升,行情收盘价上穿5日,未分类,未分类,0
2026-05-19,002234.SZ,民和股份,8.18,0.12239902080783092,8.25,8.33,8.12,开,0,0,0,0,3105.0,3.77亿,24.66万,0,0,0,价升||阴线,行情收盘价上穿5日,未分类,未分类,0
2026-05-19,605028.SH,世茂能源,25.25,0.11895321173672141,25.22,25.4,24.98,开,0,0,0,0,937.0,3710.00万,40.40万,0,0,0,价升||阳线,行情收盘价上穿5日,未分类,未分类,0
2026-05-19,300119.SZ,瑞普生物,17.27,0.11594202898550478,17.24,17.37,17.14,开,0,0,0,0,1405.0,8117.00万,57.61万,0,0,0,价升||阳线,行情收盘价上穿5日,未分类,未分类,0
2026-05-19,600062.SH,华润双鹤,17.29,0.11580775911985858,17.23,17.38,17.23,开,0,0,0,0,2349.0,1.36亿,179.51万,0,0,0,价升||阳线,行情收盘价上穿5日,未分类,未分类,0
2026-05-19,300022.SZ,吉峰科技,8.75,0.1144164759725376,8.7,8.79,8.7,开,0,0,0,0,3022.0,3.46亿,43.24万,0,0,0,价升||阳线,行情收盘价上穿5日,未分类,未分类,0
2026-05-19,600085.SH,同仁堂,26.33,0.1140684410646296,26.3,26.39,26.2,开,0,0,0,0,3845.0,1.46亿,361.11万,0,0,0,价升||阳线,行情收盘价上穿5日,未分类,未分类,0
2026-05-19,600283.SH,钱江水利,9.11,0.10989010989010754,9.05,9.12,9.03,开,0,0,0,0,1176.0,1.30亿,49.57万,0,0,0,价升||阳线,行情收盘价上穿5日,未分类,未分类,0
2026-05-19,688158.SH,优刻得-W,47.28,0.1058649163667251,46.5,47.82,45.4,开,0,0,0,0,88263.0,1889.42亿,191.71万,0,0,0,价升||阳线,行情收盘价上穿5日,未分类,未分类,0
2026-05-19,600178.SH,东安动力,10.11,0.0990099009900969,10.1,10.18,10.07,开,0,0,0,0,866.0,8556.00万,47.16万,0,0,0,价升||阳线,行情收盘价上穿5日,未分类,未分类,0
2026-05-19,002140.SZ,东华科技,10.74,0.09319664492078086,10.7,10.81,10.69,开,0,0,0,0,2055.0,1.91亿,75.93万,0,0,0,价升||阳线,行情收盘价上穿5日,未分类,未分类,0
2026-05-19,600267.SH,海正药业,10.94,0.09149130832570711,10.99,11.08,10.91,开,0,0,0,0,6549.0,5.96亿,131.14万,0,0,0,价升||阴线,行情收盘价上穿5日,未分类,未分类,0
2026-05-19,600104.SH,上汽集团,12.66,0.0790513833992078,12.67,12.79,12.65,开,0,0,0,0,15847.0,12.46亿,1455.30万,0,0,0,价升||阴线,行情收盘价上穿5日,未分类,未分类,0
2026-05-19,603207.SH,小方制药,25.48,0.0785545954438318,25.55,25.66,25.43,开,0,0,0,0,574.0,2247.00万,13.86万,0,0,0,价升||阴线,行情收盘价上穿5日,未分类,未分类,0
2026-05-19,002276.SZ,万马股份,13.33,0.07507507507507347,13.32,13.49,13.29,开,0,0,0,0,6680.0,4.99亿,134.25万,0,0,0,价升||阳线,行情收盘价上穿5日,未分类,未分类,0
2026-05-19,300203.SZ,聚光科技,13.37,0.07485029940119602,13.33,13.55,13.3,开,0,0,0,0,3107.0,2.31亿,59.94万,0,0,0,价升||阳线,行情收盘价上穿5日,未分类,未分类,0
2026-05-19,603125.SH,常青科技,27.05,0.07399186089529994,26.49,28.02,25.7,开,0,0,0,0,21999.0,8.13亿,109.51万,0,0,0,价升||阳线,行情收盘价上穿5日,未分类,未分类,0
2026-05-19,002085.SZ,万丰奥威,13.63,0.07342143906021706,13.7,13.76,13.6,开,0,0,0,0,9610.0,7.02亿,289.41万,0,0,0,价升||阴线,行情收盘价上穿5日,未分类,未分类,0
2026-05-19,605228.SH,神通科技,14.17,0.07062146892655216,14.18,14.39,14.11,开,0,0,0,0,3195.0,2.24亿,67.61万,0,0,0,价升||阴线,行情收盘价上穿5日,未分类,未分类,0
2026-05-19,300290.SZ,荣科科技,15.57,0.0642673521850886,15.33,15.84,15.28,开,0,0,0,0,11820.0,7.54亿,99.58万,0,0,0,价升||阳线,行情收盘价上穿5日,未分类,未分类,0
2026-05-19,688050.SH,爱博医疗,47.68,0.06295907660021224,47.6,47.98,47.5,开,0,0,0,0,2765.0,57.87亿,92.21万,0,0,0,价升||阳线,行情收盘价上穿5日,未分类,未分类,0
2026-05-19,603259.SH,药明康德,102.11,0.058794708476239375,102.0,103.79,101.7,开,0,0,0,0,112870.0,10.99亿,2525.47万,0,0,0,价升||阳线,行情收盘价上穿5日,未分类,未分类,0
2026-05-19,603197.SH,保隆科技,35.05,0.05709391949756215,35.0,35.73,34.91,开,0,0,0,0,5165.0,1.46亿,74.01万,0,0,0,价升||阳线,行情收盘价上穿5日,未分类,未分类,0
2026-05-19,002112.SZ,三变科技,20.46,0.048899755501230144,20.42,20.95,20.16,开,0,0,0,0,13470.0,6.55亿,53.62万,0,0,0,价升||阳线,行情收盘价上穿5日,未分类,未分类,0
2026-05-19,603298.SH,杭叉集团,27.23,0.03673769287289333,27.35,27.55,27.1,开,0,0,0,0,3371.0,1.23亿,356.66万,0,0,0,价升||阴线,行情收盘价上穿5日,未分类,未分类,0
2026-05-19,605111.SH,新洁能,50.25,0.01990445859872215,49.67,50.94,48.4,开,0,0,0,0,51651.0,10.33亿,208.70万,0,0,0,价升||阳线,行情收盘价上穿5日,未分类,未分类,0
